radio,mcc,net,area,cell,lat,lon,range,samples
GSM,724,2,22488,367,-5.9852,-39.1427,1000,1
GSM,724,2,28224,38723,-22.4457,-44.525,2871,10
GSM,724,2,41085,3523,-3.6382,-38.6372,1000,6
GSM,724,2,41185,3233,-3.6245,-38.6958,1000,3
GSM,724,2,42788,2573,-3.1384,-39.4639,671,25
LTE,724,2,32112,35622925,-22.6729,-43.3859,939,46
LTE,724,2,32112,35622926,-22.6784,-43.4017,1035,25
LTE,724,2,32113,35622413,-22.7865,-43.7673,3865,24
LTE,724,2,32124,259108475,-22.7739,-43.4063,1000,1
LTE,724,2,32125,153797685,-22.7811,-43.752,1000,6
LTE,724,2,32125,259098123,-22.8813,-43.8263,1000,24
LTE,724,2,32133,259101818,-22.9534,-42.6959,1000,1
LTE,724,2,32139,35620622,-22.7074,-43.6993,3057,50
LTE,724,2,32139,259132943,-22.772,-43.7426,1082,12
LTE,724,2,32139,259133193,-22.7148,-43.7081,2605,20
LTE,724,2,32139,259133194,-22.7145,-43.7272,1114,45
LTE,724,2,32139,259133707,-22.8242,-43.6352,1000,8
LTE,724,2,32139,259134231,-22.7775,-43.7457,1000,6
LTE,724,2,32162,34610701,-22.9262,-43.9633,1000,8
LTE,724,2,32165,35353623,-22.8693,-43.1764,1000,4
LTE,724,2,32168,34936085,-22.766,-43.2863,1000,1
LTE,724,2,32169,34838029,-22.7536,-43.4571,1000,1
LTE,724,2,32169,34857217,-22.6682,-43.2723,1000,1
LTE,724,2,32169,35281929,-22.5684,-43.2716,3711,18
LTE,724,2,32170,35611158,-22.8994,-42.9469,1000,14
LTE,724,2,32173,35087627,-22.7674,-42.9227,1000,1
LTE,724,2,32174,35078415,-22.963,-43.3482,1000,1
LTE,724,2,32176,34876425,-22.8966,-43.3982,1000,1
LTE,724,2,32177,34816023,-22.9806,-43.2077,1000,4
LTE,724,2,32177,34873365,-22.9834,-43.2378,1000,1
LTE,724,2,32177,34972438,-22.9781,-43.2223,1000,4
LTE,724,2,32177,35015957,-22.9655,-43.2047,2934,48
LTE,724,2,32177,35015959,-22.966,-43.2262,1283,51
LTE,724,2,32177,35182358,-22.9703,-43.2064,1000,4
LTE,724,2,32177,35185093,-22.9795,-43.2208,1000,1
LTE,724,2,32178,35254719,-22.8814,-43.2823,1000,4
LTE,724,2,32178,35258135,-22.8716,-43.263,519,29
LTE,724,2,32178,35263765,-22.8752,-43.2079,1000,4
LTE,724,2,32178,35264729,-22.8851,-43.2356,1000,7
LTE,724,2,32178,35264969,-22.881,-43.2307,1000,4
LTE,724,2,32179,34882314,-22.8345,-43.3251,1000,6
LTE,724,2,32179,34945853,-22.8279,-43.3427,2068,22
LTE,724,2,32179,35117018,-22.8142,-43.3284,1000,1
LTE,724,2,32179,35337219,-22.8067,-43.3559,1000,1
LTE,724,2,32181,35178250,-22.9931,-43.274,1000,22
LTE,724,2,32181,35178774,-22.9967,-43.2613,1000,4
LTE,724,2,32181,35178775,-22.996,-43.2667,1000,4
LTE,724,2,32182,35080969,-22.9322,-43.1736,1000,4
LTE,724,2,32182,35132693,-22.9219,-43.1725,1000,15
LTE,724,2,32183,35026965,-23.0076,-43.4409,1000,9
LTE,724,2,32183,35083031,-23.0179,-43.4814,1000,7
LTE,724,2,32183,35155990,-23.03,-43.4734,500,31
LTE,724,2,32184,34916363,-22.8355,-43.6399,1000,2
LTE,724,2,32184,34988809,-22.7602,-43.4997,1000,1
LTE,724,2,32184,34989837,-22.6823,-43.466,1000,11
LTE,724,2,32184,35300809,-22.8344,-43.6382,1000,2
LTE,724,2,32186,35114254,-22.8155,-43.2893,1000,1
LTE,724,2,32186,35117321,-22.8194,-43.3147,924,39
LTE,724,2,32186,35244297,-22.832,-43.2372,1000,1
LTE,724,2,32186,35244567,-22.8315,-43.2372,918,34
LTE,724,2,32186,35329814,-22.8616,-43.2475,1000,19
LTE,724,2,32187,35241749,-22.8626,-43.442,4163,50
LTE,724,2,32188,34806551,-22.8919,-43.215,1000,4
LTE,724,2,32188,35035158,-22.9063,-43.1952,1000,15
LTE,724,2,32190,34810133,-22.9775,-43.1906,1000,4
LTE,724,2,32190,34810901,-22.9764,-43.1936,1000,4
LTE,724,2,32190,35165974,-22.9752,-43.1898,1000,7
LTE,724,2,32190,35167247,-22.9676,-43.1841,1000,15
LTE,724,2,32190,35171593,-22.967,-43.1833,1000,2
LTE,724,2,32190,35349001,-22.9673,-43.1884,1000,1
LTE,724,2,32193,35104771,-22.9642,-43.2763,1000,10
LTE,724,2,32193,35267350,-22.918,-43.21,1000,24
LTE,724,2,32193,35271959,-22.9148,-43.2409,1000,1
LTE,724,2,32194,34871043,-22.8802,-43.1134,1000,4
LTE,724,2,32194,35214601,-22.8934,-43.1134,1000,9
LTE,724,2,32194,35227146,-22.8894,-43.1144,1000,11
LTE,724,2,32196,34868747,-22.8809,-43.4799,1000,1
LTE,724,2,32196,34892290,-22.9742,-43.6358,1095,50
LTE,724,2,32196,34949058,-22.8985,-43.5489,1000,4
LTE,724,2,32196,35110336,-22.9708,-43.5888,1000,3
LTE,724,2,32196,35308558,-22.8564,-43.4771,1788,12
LTE,724,2,32196,35310554,-22.9128,-43.545,1000,1
LTE,724,2,32196,35311629,-22.8837,-43.5564,1000,7
LTE,724,2,32196,35312074,-22.9042,-43.5547,1000,6
LTE,724,2,32196,35315914,-22.9179,-43.5634,1000,6
LTE,724,2,32197,35134997,-22.948,-43.1814,1000,4
LTE,724,2,32197,35693079,-22.9264,-43.1719,1000,5
LTE,724,2,32210,36209665,-22.048,-41.6858,1000,1
LTE,724,2,32210,36210435,-21.6588,-42.3185,1000,1
LTE,724,2,32210,36235274,-22.7481,-42.0604,1000,24
LTE,724,2,32211,36204545,-21.2569,-41.7674,1000,1
LTE,724,2,32251,36223497,-21.7262,-41.3103,1000,1
LTE,724,2,32252,36182795,-22.9413,-42.6726,1000,5
LTE,724,2,32252,36242441,-22.8181,-42.286,1962,50
LTE,724,2,32252,36249097,-22.8153,-42.3117,1000,13
LTE,724,2,32404,259129602,-22.4569,-44.3917,1000,1
LTE,724,2,32404,259129610,-22.453,-44.3938,1000,1
LTE,724,2,32412,38288906,-22.5758,-44.1146,1000,1
LTE,724,2,32412,38339094,-22.6219,-43.923,1044,23
LTE,724,2,32424,259115798,-22.5404,-43.2254,1000,1
LTE,724,2,32424,259118615,-22.4707,-43.2358,1000,17
LTE,724,2,32424,259119115,-22.512,-43.2315,771,36
LTE,724,2,32424,259119125,-22.5144,-43.2223,1000,1
LTE,724,2,32424,259119627,-22.4865,-43.2263,1000,6
LTE,724,2,32451,37751310,-22.6665,-43.8448,1000,7
LTE,724,2,32451,38277845,-22.5299,-44.1956,1000,6
LTE,724,2,32451,38277850,-22.5325,-44.1957,1000,6
LTE,724,2,32451,38277851,-22.5385,-44.1936,1000,13
LTE,724,2,32451,38278410,-22.5128,-44.2129,1487,12
LTE,724,2,32451,38281481,-22.5476,-44.1851,1000,19
LTE,724,2,32451,38281742,-22.5004,-44.5827,1484,9
LTE,724,2,32451,38315531,-22.591,-44.08,1000,1
LTE,724,2,32452,38334729,-22.164,-43.1622,3586,26
LTE,724,2,32452,38334742,-22.1677,-43.1565,1000,6
LTE,724,2,32452,38335765,-22.156,-43.2874,1000,1
LTE,724,2,32453,38336010,-22.1987,-43.1515,1732,42
LTE,724,2,32453,38336277,-22.226,-43.1224,1180,46
LTE,724,2,32727,257541633,-20.2977,-40.3944,1000,1
LTE,724,2,32750,40916346,-20.3415,-40.2843,1000,1
LTE,724,2,32750,41445633,-20.3581,-40.4366,1000,1
LTE,724,2,32750,41445635,-20.3621,-40.4323,1000,1
LTE,724,2,32751,41292557,-20.2276,-40.3686,1000,1
LTE,724,2,32753,41292559,-20.2521,-40.3754,1000,1
LTE,724,2,33143,259354890,-20.4645,-43.8395,1000,6
LTE,724,2,33150,51930491,-19.9411,-43.933,1000,13
LTE,724,2,33150,52086875,-19.9078,-43.9128,1000,14
LTE,724,2,33154,51453011,-19.9704,-44.1194,1000,1
LTE,724,2,33154,51533835,-19.9267,-44.1055,1000,2
LTE,724,2,33154,52103946,-19.9286,-44.0675,1000,1
LTE,724,2,33154,52103958,-19.9291,-44.0672,1000,1
LTE,724,2,33154,52167682,-19.9252,-44.1155,1000,1
LTE,724,2,33154,52431187,-19.9254,-44.0752,1000,1
LTE,724,2,33164,51452426,-20.0665,-44.2959,1000,1
LTE,724,2,33164,51838734,-19.8863,-44.4169,1000,1
LTE,724,2,33164,52254473,-20.0572,-44.283,1000,1
LTE,724,2,33164,52421646,-20.4419,-44.554,22482,25
LTE,724,2,33164,58378505,-20.3911,-44.4958,4161,21
LTE,724,2,33167,51473667,-19.9619,-44.0183,1000,1
LTE,724,2,33167,51478273,-19.9126,-44.0492,1000,1
LTE,724,2,33167,51478283,-19.9113,-44.0504,1000,2
LTE,724,2,33167,51478295,-19.9051,-44.0507,1000,1
LTE,724,2,33167,52039445,-20.0275,-44.0726,1000,1
LTE,724,2,33167,52245515,-19.9106,-44.0492,1000,1
LTE,724,2,33167,52419085,-19.9183,-44.0554,1000,1
LTE,724,2,33181,52100629,-19.9129,-43.9948,1000,1
LTE,724,2,33181,52146691,-19.9475,-44.0083,1000,1
LTE,724,2,33186,51549719,-19.7823,-44.1174,1000,1
LTE,724,2,33187,51548673,-19.6319,-43.964,1000,1
LTE,724,2,33187,51557897,-19.6317,-43.9765,1000,1
LTE,724,2,33187,51843594,-19.4086,-44.3341,1000,1
LTE,724,2,33190,52246293,-20.0295,-43.9694,1839,21
LTE,724,2,33192,51535370,-19.9828,-44.1723,1000,1
LTE,724,2,33192,51536641,-19.9779,-44.1996,1000,1
LTE,724,2,33192,52099593,-19.9469,-44.1661,1000,1
LTE,724,2,33213,53246734,-21.0627,-42.3688,1000,1
LTE,724,2,33214,53463310,-20.5145,-42.1932,1000,1
LTE,724,2,33215,52952846,-20.6589,-42.2702,1000,1
LTE,724,2,33215,53463821,-21.6389,-42.7095,1000,1
LTE,724,2,33215,53465614,-21.7636,-42.7364,1000,1
LTE,724,2,33224,256738306,-21.7737,-42.533,1000,1
LTE,724,2,33252,52885514,-20.9559,-43.7914,1970,21
LTE,724,2,33252,53138957,-21.1217,-43.7608,1000,1
LTE,724,2,33252,53138962,-21.1542,-43.7625,1000,17
LTE,724,2,33252,53142542,-21.9023,-43.3115,1000,6
LTE,724,2,33252,53477643,-21.7999,-43.4029,1000,20
LTE,724,2,33253,52885258,-21.8776,-42.6771,1000,1
LTE,724,2,33253,53328653,-21.863,-42.6679,1000,1
LTE,724,2,33255,53135115,-21.4696,-43.5577,1000,5
LTE,724,2,33255,53180429,-21.2807,-43.644,1720,38
LTE,724,2,33255,259331329,-21.196,-43.7496,1000,6
LTE,724,2,33308,54509837,-19.5922,-42.1123,1000,1
LTE,724,2,33336,256677132,-16.2271,-41.474,1000,1
LTE,724,2,33363,53935627,-18.8635,-41.9757,1000,1
LTE,724,2,33367,53484297,-15.8601,-41.4221,1000,1
LTE,724,2,33408,54533389,-18.7782,-49.0771,1000,1
LTE,724,2,33408,54537742,-18.5665,-49.1927,1000,1
LTE,724,2,33450,259402497,-18.6608,-48.1612,1000,20
LTE,724,2,33450,259402509,-18.6657,-48.1723,1000,5
LTE,724,2,33452,54532365,-18.7098,-49.1408,1000,1
LTE,724,2,33452,54534414,-19.2609,-48.9199,1000,1
LTE,724,2,33452,55236617,-19.7529,-47.923,1142,19
LTE,724,2,33452,55264011,-19.9825,-47.7914,1000,1
LTE,724,2,33452,55276153,-20.0125,-48.9338,1000,1
LTE,724,2,33452,55288590,-19.7499,-47.9307,1000,2
LTE,724,2,33452,55292169,-19.791,-47.9236,1000,1
LTE,724,2,33452,55299593,-18.6219,-48.1172,795,32
LTE,724,2,33452,58724621,-19.0759,-49.0023,1000,1
LTE,724,2,33452,152054794,-1.4523,-48.4871,1000,1
LTE,724,2,33452,152267277,-1.4733,-48.4854,1000,1
LTE,724,2,33461,55208969,-18.892,-48.2734,1000,1
LTE,724,2,33461,55215885,-18.8891,-48.2588,1000,7
LTE,724,2,33461,55216394,-18.9027,-48.2361,1000,4
LTE,724,2,33461,55225610,-19.0098,-48.2085,1000,12
LTE,724,2,33461,55554830,-18.8683,-48.5931,1000,1
LTE,724,2,33553,56456974,-21.1363,-45.1058,3519,10
LTE,724,2,33553,56456975,-21.1074,-45.0915,1350,16
LTE,724,2,33596,8592138,-22.8831,-46.3904,1000,1
LTE,724,2,33596,56331018,-22.7587,-46.1453,1000,1
LTE,724,2,33596,56603658,-22.4322,-45.974,1000,1
LTE,724,2,33759,58379274,-20.1408,-44.8861,1000,4
LTE,724,2,33759,58396431,-20.0771,-44.5705,1000,2
LTE,724,2,33759,58414101,-20.1339,-44.8724,1000,9
LTE,724,2,33851,59445507,-17.1111,-43.8205,1000,1
LTE,724,2,33855,59425802,-16.6944,-43.847,1000,1
LTE,724,2,33855,259353613,-16.6967,-43.8737,1000,1
LTE,724,2,37159,118574083,-12.9137,-38.4689,1000,1
LTE,724,2,37310,256003331,-14.7819,-39.2853,1000,1
LTE,724,2,37524,256174347,-12.6887,-39.6848,1000,1
LTE,724,2,37550,260669717,-11.7854,-37.9508,1000,1
LTE,724,2,37551,122880142,-12.3568,-38.8657,1000,1
LTE,724,2,37551,123152406,-12.3075,-38.8846,1000,1
LTE,724,2,37551,123154454,-12.2801,-38.9446,1000,1
LTE,724,2,37552,123451149,-12.1306,-39.3135,3358,51
LTE,724,2,37559,260678933,-11.6193,-38.9801,1000,1
LTE,724,2,37755,125489930,-12.1089,-45.8052,1000,1
LTE,724,2,37755,125500682,-14.6708,-40.4738,1000,1
LTE,724,2,37755,125502478,-14.869,-40.8532,1000,1
LTE,724,2,37760,260677647,-14.534,-40.383,1000,1
LTE,724,2,37909,256187445,-11.3797,-37.6704,1000,1
LTE,724,2,38150,135273219,-8.0583,-34.8979,2173,50
LTE,724,2,38150,135662102,-8.055,-34.9043,1000,1
LTE,724,2,38150,135682199,-8.0878,-34.8844,1000,3
LTE,724,2,38150,135688855,-8.0626,-34.8712,1000,2
LTE,724,2,38150,135695777,-8.0473,-34.9042,1000,1
LTE,724,2,38150,135706795,-8.0492,-34.8966,1000,2
LTE,724,2,38150,135711489,-8.0378,-34.9042,1000,9
LTE,724,2,38150,135712890,-8.0364,-34.9015,1000,2
LTE,724,2,38150,135725570,-8.0853,-34.8943,1000,1
LTE,724,2,38150,135732503,-8.0701,-34.8957,1000,8
LTE,724,2,38150,135733015,-8.0709,-34.8955,1000,1
LTE,724,2,38150,135733114,-8.079,-34.893,1000,3
LTE,724,2,38150,135734550,-8.0784,-34.8975,1000,3
LTE,724,2,38151,135667977,-8.0349,-34.8999,1000,11
LTE,724,2,38151,135667978,-8.0356,-34.8988,1000,20
LTE,724,2,38151,135674378,-8.0433,-34.8929,1000,3
LTE,724,2,38151,135678465,-8.0364,-34.896,1000,5
LTE,724,2,38151,135710467,-8.0312,-34.902,1000,13
LTE,724,2,38155,135710842,-8.0381,-34.9125,1000,1
LTE,724,2,38155,135732235,-8.0808,-34.9158,1000,1
LTE,724,2,38258,136669855,-9.4741,-35.8379,1000,1
LTE,724,2,38383,260708826,-7.2264,-35.8684,1000,8
LTE,724,2,38405,138450698,-6.2568,-36.5077,1000,1
LTE,724,2,38450,138486017,-5.8135,-35.2031,1000,4
LTE,724,2,38450,138751661,-5.7935,-35.2424,1000,8
LTE,724,2,38450,138769057,-5.8388,-35.2109,1000,4
LTE,724,2,38450,138769064,-5.8447,-35.2089,1000,14
LTE,724,2,38450,138787331,-5.8068,-35.2213,1000,5
LTE,724,2,38451,138434305,-5.7712,-35.2757,3358,41
LTE,724,2,38451,138757891,-5.7699,-35.2694,1000,4
LTE,724,2,38451,138787595,-5.7707,-35.2673,1000,11
LTE,724,2,38451,138789645,-5.7537,-35.2421,1000,12
LTE,724,2,38451,138789653,-5.7541,-35.2424,1000,5
LTE,724,2,38451,138806029,-5.7622,-35.2896,1000,11
LTE,724,2,38452,138423061,-5.8766,-35.2019,1000,22
LTE,724,2,38452,138750477,-5.8748,-35.2017,1000,9
LTE,724,2,38452,138753456,-5.8638,-35.2109,1000,9
LTE,724,2,38452,138754062,-5.8913,-35.1992,1000,1
LTE,724,2,38452,138754221,-5.8876,-35.1997,1000,2
LTE,724,2,38452,138762919,-5.8758,-35.2022,1000,6
LTE,724,2,38464,138798082,-5.8277,-35.2079,1000,3
LTE,724,2,38464,138798101,-5.8264,-35.2073,1000,12
LTE,724,2,38552,139919118,-3.7306,-38.5218,1000,2
LTE,724,2,38552,139922187,-3.7293,-38.5189,1000,2
LTE,724,2,38553,139208214,-3.8135,-38.5302,1000,16
LTE,724,2,38553,139856899,-3.7794,-38.5384,1000,1
LTE,724,2,38553,139866890,-3.8363,-38.5158,539,28
LTE,724,2,38553,139883265,-3.7639,-38.5759,1000,10
LTE,724,2,38553,139888983,-3.8349,-38.5191,1000,8
LTE,724,2,38553,139888985,-3.8138,-38.529,1000,5
LTE,724,2,38553,139894235,-3.8043,-38.5078,1000,17
LTE,724,2,38553,263679960,-3.8013,-38.5199,1000,3
LTE,724,2,38572,139867564,-3.7677,-38.546,1000,24
LTE,724,2,38573,139873659,-3.7248,-38.4961,1000,2
LTE,724,2,38573,139879636,-3.7249,-38.4835,1000,14
LTE,724,2,38574,139881481,-3.7335,-38.5647,1000,4
LTE,724,2,38574,139895298,-3.7516,-38.5967,1000,7
LTE,724,2,38574,139936279,-3.7375,-38.5752,1000,9
LTE,724,2,38602,140904903,-5.1992,-42.7489,1000,1
LTE,724,2,38712,260808450,-8.0918,-39.5715,1000,1
LTE,724,2,39115,152284546,-1.2967,-47.9428,1000,1
LTE,724,2,39115,152411657,-1.2958,-47.9045,1000,1
LTE,724,2,39115,152512212,-1.2913,-48.1703,1000,1
LTE,724,2,39152,152274817,-1.2809,-48.4611,1000,1
LTE,724,2,39157,152278019,-1.3941,-48.4105,1000,1
LTE,724,2,39160,152611776,-1.3649,-48.3065,1000,1
LTE,724,2,39270,153506947,-3.1451,-60.0113,1000,1
LTE,724,2,39270,153542670,-3.1714,-60.1034,1000,2
LTE,724,2,39271,153623425,-2.916,-59.9917,1284,19
LTE,724,2,39271,153634057,-2.928,-60.0026,1000,18
LTE,724,2,39450,155197199,-6.1124,-49.8659,1000,4
LTE,724,2,39450,155210763,-6.0352,-49.8949,1000,1
LTE,724,2,39450,155218698,-6.0589,-49.8799,1552,24
LTE,724,2,39450,155671311,-6.0828,-49.9127,1000,24
LTE,724,2,39450,155672195,-6.0885,-49.8973,951,30
LTE,724,2,39450,155676681,-6.089,-49.8688,1000,8
LTE,724,2,39450,155679363,-6.0565,-49.8905,1000,1
LTE,724,2,39450,155689739,-6.074,-49.8666,2241,27
LTE,724,2,39650,157311247,0.005,-51.086,1000,1
LTE,724,2,39817,159874583,-4.3125,-46.2979,1000,1
LTE,724,2,39850,159432205,-2.6421,-44.2717,1000,1
LTE,724,2,39851,159432201,-2.6434,-44.2726,1000,1
LTE,724,2,39851,159432321,-2.6439,-44.2731,1000,2
LTE,724,2,39950,160902724,-4.0326,-44.466,1000,1
LTE,724,2,42921,55178770,-22.9347,-44.0285,1000,4
LTE,724,2,52824,169112628,-22.125,-43.1557,1000,6
LTE,724,2,58935,65313559,-21.7505,-45.3904,1000,6
NR,724,2,10039450,423647149,-6.2691,-49.8461,15641,10
UMTS,724,2,31337,204204876,-20.5283,-44.6381,1000,6
UMTS,724,2,37551,123724309,-12.1881,-39.2337,1000,8
UMTS,724,2,37552,123451149,-12.1268,-39.3022,3468,37
UMTS,724,2,50184,55128343,-5.8303,-35.222,3396,17
UMTS,724,2,50227,14906864,-20.5999,-40.503,1000,1
UMTS,724,2,50227,17821675,-19.3767,-39.936,2547,50
UMTS,724,2,50228,17812701,-20.6686,-40.6421,16369,7
UMTS,724,2,50321,138353935,-22.9487,-43.3552,8301,27
UMTS,724,2,50327,17819594,-20.2094,-40.5219,1000,1
UMTS,724,2,50332,21188390,-21.8856,-43.3201,1000,22
UMTS,724,2,50332,21189140,-21.5068,-43.529,1000,7
UMTS,724,2,50794,61689435,-6.0888,-49.8965,1307,50
UMTS,724,2,50794,61689443,-6.0532,-49.8958,1139,10
UMTS,724,2,50794,61689508,-6.0932,-49.8951,6988,17
UMTS,724,2,50794,61689509,-6.0706,-49.903,3391,46
UMTS,724,2,51231,204004533,-19.9708,-44.0682,1000,1
UMTS,724,2,52021,138986709,-23.0216,-43.4957,1000,15
UMTS,724,2,52691,59713818,-1.3075,-47.7812,1000,1
UMTS,724,2,53034,22518880,-18.9014,-48.2341,1729,32
UMTS,724,2,53034,22518981,-18.9036,-48.2483,3391,50
UMTS,724,2,53135,23185210,-21.2895,-45.1485,4665,21
UMTS,724,2,53135,23186493,-21.5333,-45.2315,4735,50
UMTS,724,2,53135,23194833,-20.9392,-44.877,4019,12
UMTS,724,2,55121,139007026,-22.9673,-43.1884,1000,1
UMTS,724,2,56122,14196434,-22.5249,-42.3418,1000,1
UMTS,724,2,56122,14199956,-21.8359,-41.4245,1000,1
UMTS,724,2,58131,20858241,-20.4261,-43.8646,24636,32
UMTS,724,2,58131,20859690,-20.7085,-43.7947,8981,51
UMTS,724,2,58221,142983064,-22.7259,-43.6341,1000,1
UMTS,724,2,59024,14388852,-22.5045,-44.2255,3946,28
UMTS,724,2,59024,14391183,-22.473,-44.5037,1000,1
UMTS,724,2,59024,14400213,-22.4944,-44.5562,1000,1
UMTS,724,2,60321,14194114,-22.9052,-42.6911,1000,1
GSM,724,3,911,26102,-23.6542,-46.7371,9774,50
GSM,724,3,911,36141,-23.6406,-46.7457,1000,2
GSM,724,3,1411,28962,-23.6165,-46.547,4527,50
GSM,724,3,1411,28963,-23.6157,-46.5562,2288,45
GSM,724,3,1411,43773,-23.6503,-46.5682,1000,1
GSM,724,3,1811,17822,-23.4806,-46.485,1000,1
GSM,724,3,2211,20652,-23.5675,-46.7029,1000,1
GSM,724,3,2411,16453,-23.6391,-46.7057,6406,50
GSM,724,3,2511,36903,-23.5342,-46.5438,1000,1
GSM,724,3,2811,38912,-23.5726,-46.6502,1000,1
GSM,724,3,8211,24061,-23.5591,-46.7135,1000,1
GSM,724,3,8211,24082,-23.5729,-46.7238,1000,19
GSM,724,3,8311,34943,-23.6231,-46.6128,1000,1
GSM,724,3,8311,38993,-23.5997,-46.5835,1000,9
GSM,724,3,8411,30331,-23.5256,-46.6675,1000,3
GSM,724,3,8411,30332,-23.5255,-46.6682,1000,10
GSM,724,3,8411,43121,-23.5132,-46.6775,1000,1
GSM,724,3,8511,47513,-23.5464,-46.6376,1000,1
GSM,724,3,8611,25301,-23.588,-46.6802,1000,1
GSM,724,3,8611,25463,-23.588,-46.6802,1000,1
GSM,724,3,10511,8371,-23.2065,-46.8243,1000,10
GSM,724,3,10611,4942,-23.6418,-46.1213,1843,37
GSM,724,3,10611,28202,-23.5226,-46.2249,1000,6
GSM,724,3,10611,32762,-23.5161,-46.1855,1000,2
GSM,724,3,11411,21832,-23.5234,-46.8143,638,29
GSM,724,3,11511,40212,-23.6293,-46.4858,1000,1
GSM,724,3,22019,35342,-21.655,-47.6083,1000,1
LTE,724,3,4512,9818,-23.5672,-46.7029,1000,2
LTE,724,3,31100,185707275,-23.6183,-46.6834,1000,12
LTE,724,3,31100,185708054,-23.6154,-46.6685,1000,1
LTE,724,3,31100,219167766,-23.6125,-46.6679,1000,1
LTE,724,3,31101,185662082,-23.6521,-46.647,1000,1
LTE,724,3,31101,185662217,-23.6341,-46.6399,1000,2
LTE,724,3,31104,17423626,-23.5232,-46.2012,1000,14
LTE,724,3,31105,17014724,-23.633,-46.8522,1000,16
LTE,724,3,31105,17414934,-23.6506,-46.8306,1000,1
LTE,724,3,31105,17651529,-23.6243,-46.8182,1000,1
LTE,724,3,31105,17651735,-23.6547,-46.8283,1000,1
LTE,724,3,31105,17651843,-23.6794,-46.8243,1000,11
LTE,724,3,31105,17655063,-23.6462,-46.8817,1000,1
LTE,724,3,31105,17670101,-23.629,-46.8196,1000,5
LTE,724,3,31105,17670110,-23.6341,-46.8295,1000,9
LTE,724,3,31105,18283785,-23.6246,-46.8503,1009,35
LTE,724,3,31105,18283797,-23.6298,-46.8518,1000,6
LTE,724,3,31105,18676097,-23.6553,-46.822,1000,1
LTE,724,3,31105,18676747,-23.6385,-46.8318,903,31
LTE,724,3,31105,18677513,-23.6327,-46.8336,1000,1
LTE,724,3,31105,18678293,-23.6475,-46.8432,1000,9
LTE,724,3,31105,18678295,-23.6553,-46.8542,1000,2
LTE,724,3,31105,18678740,-23.6428,-46.8157,1000,6
LTE,724,3,31105,18682634,-23.615,-46.8221,1341,23
LTE,724,3,31105,18693889,-23.617,-46.7934,1000,8
LTE,724,3,31105,18887703,-23.6566,-46.851,1000,22
LTE,724,3,31106,185664061,-23.6311,-46.6389,1000,1
LTE,724,3,31106,185707031,-23.6282,-46.6629,1000,3
LTE,724,3,31106,185709067,-23.6263,-46.6604,1000,1
LTE,724,3,31106,185709442,-23.6222,-46.6532,1000,6
LTE,724,3,31106,185710299,-23.625,-46.6622,1000,1
LTE,724,3,31106,185710601,-23.6286,-46.6742,1000,17
LTE,724,3,31106,185710723,-23.6312,-46.6718,1000,12
LTE,724,3,31106,185716501,-23.6335,-46.6691,1000,1
LTE,724,3,31108,168923151,-23.5419,-46.4478,1000,6
LTE,724,3,31109,236006597,-23.6181,-46.5501,1000,7
LTE,724,3,31110,17208085,-23.43,-47.1345,1000,1
LTE,724,3,31110,18338762,-23.5447,-46.9352,1000,7
LTE,724,3,31110,18689923,-23.546,-46.9349,1000,2
LTE,724,3,31110,18692832,-23.5131,-46.9672,1000,1
LTE,724,3,31110,18709525,-23.5098,-46.9289,1000,1
LTE,724,3,31110,18709526,-23.5186,-46.9196,1000,1
LTE,724,3,31110,18709634,-23.5192,-46.92,1000,1
LTE,724,3,31110,18710293,-23.5321,-46.8813,1000,1
LTE,724,3,31110,18834959,-23.5172,-46.9301,1000,1
LTE,724,3,31110,18960137,-23.5483,-46.937,1000,17
LTE,724,3,31110,219197441,-23.4961,-46.9847,1000,1
LTE,724,3,31110,219199618,-23.6423,-47.0816,5458,6
LTE,724,3,31110,219202689,-23.4284,-47.142,1000,1
LTE,724,3,31110,219235338,-23.4132,-47.348,1934,3
LTE,724,3,31110,219235714,-23.4062,-47.3034,1000,1
LTE,724,3,31110,219236874,-23.3871,-47.3325,1000,1
LTE,724,3,31110,219236885,-23.3731,-47.3247,1000,1
LTE,724,3,31110,219236995,-23.3807,-47.3313,1000,1
LTE,724,3,31110,219237634,-23.4127,-47.2716,1000,1
LTE,724,3,31110,219237653,-23.4231,-47.2563,1000,1
LTE,724,3,31110,219238530,-23.423,-47.2173,2379,2
LTE,724,3,31111,17274377,-23.5395,-46.2358,1084,27
LTE,724,3,31111,17418763,-23.5202,-46.1949,1000,18
LTE,724,3,31111,17421065,-23.5106,-46.1849,1000,3
LTE,724,3,31111,17434633,-23.5273,-46.208,1000,21
LTE,724,3,31111,17434753,-23.5255,-46.2053,1000,11
LTE,724,3,31111,18219785,-23.5143,-46.1835,595,25
LTE,724,3,31111,235969801,-23.4941,-46.1502,1000,7
LTE,724,3,31111,235969923,-23.4987,-46.1578,1000,7
LTE,724,3,31111,235970569,-23.5083,-46.2132,1000,1
LTE,724,3,31111,235981066,-23.5423,-46.2608,1000,14
LTE,724,3,31111,235981067,-23.5404,-46.2722,1000,4
LTE,724,3,31111,235981185,-23.5412,-46.2679,1000,4
LTE,724,3,31113,219239945,-23.181,-47.2743,1000,1
LTE,724,3,31113,219241857,-23.2354,-47.3166,1000,1
LTE,724,3,31113,219242517,-23.2525,-47.2138,1000,1
LTE,724,3,31114,16839951,-23.3251,-46.7564,1000,1
LTE,724,3,31114,17476885,-23.356,-46.7445,1000,1
LTE,724,3,31114,219211021,-23.319,-46.7225,1000,3
LTE,724,3,31114,219211531,-23.3351,-46.733,1000,17
LTE,724,3,31114,219214603,-23.2841,-46.7422,1000,17
LTE,724,3,31114,219215381,-23.2068,-46.8096,1000,17
LTE,724,3,31114,219219989,-23.2008,-46.7947,1000,1
LTE,724,3,31114,219279371,-23.3184,-46.5845,1000,1
LTE,724,3,31114,219279626,-23.2781,-46.587,1000,1
LTE,724,3,31114,219280393,-23.3753,-46.5632,1000,1
LTE,724,3,31114,219280405,-23.3552,-46.5484,1000,1
LTE,724,3,31114,219280917,-23.3257,-46.5796,1000,1
LTE,724,3,31117,16922891,-23.5857,-46.7472,1000,1
LTE,724,3,31117,18341378,-23.5874,-46.7511,1000,2
LTE,724,3,31117,18696981,-23.6076,-46.7654,1000,2
LTE,724,3,31117,202377239,-23.5863,-46.7587,1000,7
LTE,724,3,31117,202377666,-23.5899,-46.7672,1000,1
LTE,724,3,31117,202393859,-23.5901,-46.7298,1000,6
LTE,724,3,31117,202398743,-23.5849,-46.745,1000,8
LTE,724,3,31117,202398851,-23.5852,-46.7425,1000,9
LTE,724,3,31117,202404106,-23.581,-46.7304,500,29
LTE,724,3,31119,18667798,-23.8121,-46.9261,1000,1
LTE,724,3,31120,17221130,-23.7528,-46.902,1000,1
LTE,724,3,31120,18349322,-23.7254,-46.8068,1000,2
LTE,724,3,31120,18670346,-23.7545,-46.9037,1000,1
LTE,724,3,31120,18670466,-23.7382,-46.8969,1000,1
LTE,724,3,31121,18635277,-23.0783,-46.6363,1000,1
LTE,724,3,31121,219283210,-23.1746,-46.7673,1000,1
LTE,724,3,31121,235932938,-23.0456,-46.6731,1000,1
LTE,724,3,31121,235934485,-23.068,-46.5696,1000,1
LTE,724,3,31121,235937034,-23.0425,-46.8435,1000,1
LTE,724,3,31121,235941143,-23.0326,-46.7319,1000,1
LTE,724,3,31121,235941654,-22.9141,-46.4301,1000,1
LTE,724,3,31121,235941763,-22.935,-46.4702,1000,1
LTE,724,3,31121,235947285,-22.9705,-46.4867,1000,1
LTE,724,3,31121,235949442,-23.1784,-46.3753,1000,1
LTE,724,3,31123,16803028,-23.6784,-46.4689,1000,15
LTE,724,3,31123,18139915,-23.71,-46.4452,1000,13
LTE,724,3,31123,18826509,-23.6813,-46.402,1632,25
LTE,724,3,31124,18707465,-23.5214,-46.8228,1000,6
LTE,724,3,31124,18709890,-23.5077,-46.8281,1000,5
LTE,724,3,31124,18712005,-23.5083,-46.833,1000,1
LTE,724,3,31124,18716801,-23.4983,-46.8174,1000,1
LTE,724,3,31124,18719499,-23.4928,-46.8366,1000,1
LTE,724,3,31126,202397826,-23.5576,-46.7487,1000,2
LTE,724,3,31126,202400842,-23.5386,-46.741,1000,1
LTE,724,3,31126,202401039,-23.5561,-46.7444,1000,9
LTE,724,3,31126,202402819,-23.5463,-46.7327,1000,1
LTE,724,3,31126,202403018,-23.544,-46.7335,1000,1
LTE,724,3,31126,202403351,-23.5603,-46.7319,1000,18
LTE,724,3,31126,202403459,-23.5598,-46.7314,1000,10
LTE,724,3,31126,202404866,-23.563,-46.7172,500,36
LTE,724,3,31126,202404995,-23.5671,-46.7303,1000,3
LTE,724,3,31126,202405187,-23.5554,-46.7162,1000,6
LTE,724,3,31126,202413322,-23.5342,-46.7182,1000,1
LTE,724,3,31126,202413334,-23.5344,-46.7178,1000,1
LTE,724,3,31126,202413443,-23.5323,-46.7191,1000,1
LTE,724,3,31126,202414869,-23.5216,-46.7189,1000,2
LTE,724,3,31127,18737675,-23.5197,-46.7609,1000,1
LTE,724,3,31127,202403714,-23.524,-46.7379,1000,4
LTE,724,3,31127,202406409,-23.5222,-46.7483,1000,8
LTE,724,3,31127,202406411,-23.5294,-46.7475,1000,16
LTE,724,3,31127,202406529,-23.5213,-46.7468,1000,1
LTE,724,3,31127,202407490,-23.5212,-46.722,1000,2
LTE,724,3,31127,202407636,-23.521,-46.7257,1000,1
LTE,724,3,31127,202407958,-23.533,-46.7485,1000,1
LTE,724,3,31133,17918721,-23.5176,-46.5728,1000,1
LTE,724,3,31133,18241237,-23.5398,-46.5718,1000,1
LTE,724,3,31133,18374616,-23.5387,-46.5769,1000,5
LTE,724,3,31133,168867587,-23.528,-46.5938,1000,1
LTE,724,3,31133,168870914,-23.526,-46.5833,1000,1
LTE,724,3,31133,168871124,-23.5219,-46.5848,1000,1
LTE,724,3,31133,168871130,-23.5275,-46.5828,1000,1
LTE,724,3,31133,168873090,-23.5266,-46.5708,1000,1
LTE,724,3,31133,168873792,-23.523,-46.5675,1000,1
LTE,724,3,31133,168876810,-23.5141,-46.5752,1000,1
LTE,724,3,31133,168876822,-23.5141,-46.5756,1000,1
LTE,724,3,31133,168877765,-23.5225,-46.5703,1000,1
LTE,724,3,31133,168913601,-23.5203,-46.5561,1000,1
LTE,724,3,31133,168915210,-23.5347,-46.5436,1000,1
LTE,724,3,31133,168915735,-23.525,-46.5469,1000,1
LTE,724,3,31133,168915989,-23.5073,-46.5516,1000,11
LTE,724,3,31133,185622017,-23.5401,-46.5764,1328,4
LTE,724,3,31133,185622025,-23.5424,-46.5804,1000,1
LTE,724,3,31133,185622030,-23.5416,-46.5839,1000,8
LTE,724,3,31133,185622147,-23.5366,-46.5822,1000,2
LTE,724,3,31133,185622336,-23.537,-46.56,1000,1
LTE,724,3,31133,185624277,-23.5352,-46.5692,1000,1
LTE,724,3,31133,185625109,-23.5251,-46.5678,1000,1
LTE,724,3,31133,185625217,-23.5233,-46.5627,1000,2
LTE,724,3,31133,185625985,-23.5295,-46.5584,1000,1
LTE,724,3,31133,185626125,-23.5375,-46.5637,1000,1
LTE,724,3,31133,185626133,-23.5391,-46.5692,1000,5
LTE,724,3,31133,185627150,-23.5398,-46.574,1000,3
LTE,724,3,31133,185627358,-23.5355,-46.5768,1000,1
LTE,724,3,31133,185627360,-23.5305,-46.5811,1000,1
LTE,724,3,31133,185627414,-23.5262,-46.556,1000,2
LTE,724,3,31133,185644553,-23.5546,-46.5835,1000,1
LTE,724,3,31133,185644674,-23.5557,-46.5795,1000,1
LTE,724,3,31133,185649882,-23.5429,-46.5902,1000,12
LTE,724,3,31134,168946179,-23.8047,-46.6732,1000,21
LTE,724,3,31135,168884436,-23.4956,-46.5394,1000,5
LTE,724,3,31135,168924169,-23.5169,-46.4776,1000,1
LTE,724,3,31135,168924289,-23.5175,-46.4784,1000,1
LTE,724,3,31136,18920725,-23.4641,-46.4801,1000,1
LTE,724,3,31136,168880003,-23.4734,-46.492,1000,12
LTE,724,3,31136,168888591,-23.4855,-46.4793,1000,1
LTE,724,3,31136,168888788,-23.4819,-46.4653,1000,3
LTE,724,3,31136,219251978,-23.4713,-46.5173,1000,1
LTE,724,3,31136,219253053,-23.464,-46.4994,1000,1
LTE,724,3,31136,219253064,-23.4621,-46.4996,1000,1
LTE,724,3,31136,219269131,-23.4753,-46.4761,1000,12
LTE,724,3,31136,219269317,-23.4735,-46.4662,1000,1
LTE,724,3,31137,17433877,-23.533,-46.3564,1000,21
LTE,724,3,31137,235963146,-23.5733,-46.3453,1000,6
LTE,724,3,31137,235965705,-23.5018,-46.3325,1727,17
LTE,724,3,31137,235965717,-23.4987,-46.3351,1315,26
LTE,724,3,31138,168907543,-23.5281,-46.5331,1000,1
LTE,724,3,31139,18328767,-23.5922,-46.482,1000,1
LTE,724,3,31139,185609857,-23.6125,-46.4776,1000,1
LTE,724,3,31139,185618966,-23.5975,-46.5355,1000,4
LTE,724,3,31139,185621707,-23.599,-46.5312,1000,8
LTE,724,3,31142,18768643,-23.4248,-46.4777,1000,8
LTE,724,3,31142,219256961,-23.4233,-46.5095,1000,1
LTE,724,3,31142,219257731,-23.4053,-46.5168,1000,1
LTE,724,3,31142,219258391,-23.4082,-46.4857,1000,1
LTE,724,3,31142,219261698,-23.4395,-46.4955,1000,1
LTE,724,3,31142,219261710,-23.4401,-46.4952,1000,1
LTE,724,3,31142,219263766,-23.4285,-46.4841,1000,1
LTE,724,3,31143,185636044,-23.5842,-46.5852,1000,1
LTE,724,3,31143,185636063,-23.5848,-46.5829,1000,5
LTE,724,3,31143,185636288,-23.5845,-46.5786,1000,6
LTE,724,3,31143,185636874,-23.6082,-46.5755,1000,9
LTE,724,3,31143,185638153,-23.5777,-46.5712,1000,1
LTE,724,3,31143,185640579,-23.5929,-46.5978,1000,1
LTE,724,3,31144,185635330,-23.6125,-46.5635,1000,15
LTE,724,3,31144,185638423,-23.6112,-46.5584,1000,1
LTE,724,3,31144,236005642,-23.6106,-46.5689,1000,4
LTE,724,3,31145,16793151,-23.6327,-46.5959,1000,1
LTE,724,3,31145,185659413,-23.6256,-46.6162,1000,1
LTE,724,3,31146,17241865,-23.5705,-46.7106,1000,20
LTE,724,3,31146,17293313,-23.5857,-46.691,1000,1
LTE,724,3,31146,17304647,-23.5828,-46.6923,1000,6
LTE,724,3,31146,17886211,-23.5876,-46.6927,6295,27
LTE,724,3,31146,18503646,-23.57,-46.7103,1000,6
LTE,724,3,31146,18652803,-23.5738,-46.6985,1000,1
LTE,724,3,31146,19149065,-23.5602,-46.6708,4771,9
LTE,724,3,31146,202392067,-23.5872,-46.6925,2452,11
LTE,724,3,31146,202392073,-23.5838,-46.6934,2069,8
LTE,724,3,31146,202392075,-23.5877,-46.6905,1000,4
LTE,724,3,31146,202398474,-23.5746,-46.6955,1000,3
LTE,724,3,31146,202400129,-23.573,-46.7106,1000,4
LTE,724,3,31146,202401814,-23.5771,-46.7139,1000,1
LTE,724,3,31146,202402761,-23.5647,-46.7135,1000,3
LTE,724,3,31146,202405399,-23.5712,-46.7008,1000,9
LTE,724,3,31146,202409218,-23.5701,-46.7126,1000,22
LTE,724,3,31146,202484691,-23.5828,-46.694,1000,3
LTE,724,3,31146,202485971,-23.5793,-46.6961,1000,4
LTE,724,3,31146,202486294,-23.563,-46.6863,1000,7
LTE,724,3,31146,202486585,-23.5752,-46.6721,1000,3
LTE,724,3,31146,202488194,-23.5792,-46.6612,1000,1
LTE,724,3,31146,202489622,-23.5618,-46.6845,1000,3
LTE,724,3,31146,202491859,-23.5681,-46.6965,1000,4
LTE,724,3,31146,202492419,-23.5656,-46.7013,1000,1
LTE,724,3,31146,202492426,-23.5647,-46.6966,1000,1
LTE,724,3,31146,202493513,-23.5796,-46.705,5952,16
LTE,724,3,31146,202493827,-23.5619,-46.6934,1000,2
LTE,724,3,31146,202494338,-23.5675,-46.7021,1000,1
LTE,724,3,31146,219177229,-23.5868,-46.6925,2408,9
LTE,724,3,31146,219177230,-23.5673,-46.7028,1000,1
LTE,724,3,31146,219191101,-23.5858,-46.6813,1000,6
LTE,724,3,31146,219193291,-23.5859,-46.6795,1000,1
LTE,724,3,31146,219193346,-23.5859,-46.6696,1000,1
LTE,724,3,31146,219193548,-23.5837,-46.6712,1000,1
LTE,724,3,31147,17870849,-23.5126,-46.714,1000,7
LTE,724,3,31147,17870850,-23.5149,-46.7173,1000,1
LTE,724,3,31147,202411907,-23.5099,-46.7199,1000,1
LTE,724,3,31148,17671189,-23.655,-46.7143,1000,1
LTE,724,3,31148,17671445,-23.6062,-46.6371,4869,2
LTE,724,3,31148,17671447,-23.5945,-46.5911,1000,1
LTE,724,3,31148,18655035,-23.6049,-46.6928,1000,1
LTE,724,3,31148,185727043,-23.6248,-46.6967,1000,1
LTE,724,3,31148,185727180,-23.6236,-46.7013,1000,1
LTE,724,3,31148,202387140,-23.6176,-46.7002,1000,3
LTE,724,3,31148,202389979,-23.6148,-46.6993,1000,4
LTE,724,3,31148,219168011,-23.6145,-46.6931,1000,8
LTE,724,3,31148,219169850,-23.6131,-46.6989,1000,14
LTE,724,3,31148,219169902,-23.6136,-46.6986,1000,7
LTE,724,3,31148,219169907,-23.614,-46.6952,1000,3
LTE,724,3,31148,219172353,-23.602,-46.6857,1000,1
LTE,724,3,31148,219172556,-23.6086,-46.6907,1000,1
LTE,724,3,31148,219175648,-23.6006,-46.6955,1000,2
LTE,724,3,31148,219177794,-23.598,-46.6882,1000,1
LTE,724,3,31148,219180088,-23.6098,-46.6982,1000,12
LTE,724,3,31148,219180090,-23.6077,-46.6975,1000,12
LTE,724,3,31148,219180510,-23.5996,-46.6948,1000,9
LTE,724,3,31148,219180547,-23.597,-46.6846,1000,1
LTE,724,3,31151,18384095,-23.6308,-46.7837,1000,6
LTE,724,3,31151,18412565,-23.6404,-46.723,1000,14
LTE,724,3,31151,18412570,-23.6405,-46.7227,1000,1
LTE,724,3,31151,18429651,-23.6499,-46.7592,1000,1
LTE,724,3,31151,185682702,-23.6442,-46.7487,1000,8
LTE,724,3,31151,185711371,-23.6558,-46.7211,1000,5
LTE,724,3,31151,185711375,-23.6558,-46.7217,1000,7
LTE,724,3,31151,185715727,-23.6557,-46.7202,1000,1
LTE,724,3,31151,185720067,-23.6404,-46.7228,1000,2
LTE,724,3,31151,185720085,-23.6401,-46.7219,1000,1
LTE,724,3,31151,185721416,-23.637,-46.7208,1000,3
LTE,724,3,31151,185722697,-23.6409,-46.7225,1000,2
LTE,724,3,31151,185722944,-23.6305,-46.7147,1000,10
LTE,724,3,31151,185723084,-23.6314,-46.7154,1000,3
LTE,724,3,31151,202380418,-23.6293,-46.7137,1000,6
LTE,724,3,31151,219170874,-23.6387,-46.7223,1000,17
LTE,724,3,31151,219170881,-23.6281,-46.7123,1000,16
LTE,724,3,31151,219170935,-23.6285,-46.7127,1000,9
LTE,724,3,31152,18685315,-23.625,-46.8294,1000,1
LTE,724,3,31152,202376971,-23.588,-46.7928,797,27
LTE,724,3,31153,17223177,-23.7854,-46.9144,1000,1
LTE,724,3,31153,17223297,-23.7896,-46.9148,1000,1
LTE,724,3,31153,17242241,-23.9349,-47.0289,1000,1
LTE,724,3,31153,17251201,-23.8176,-46.925,1000,1
LTE,724,3,31153,18072342,-23.9292,-47.0011,1000,1
LTE,724,3,31153,18083337,-23.7532,-46.5622,1000,1
LTE,724,3,31153,18668565,-23.9827,-47.1449,1000,1
LTE,724,3,31153,236042883,-23.7371,-46.602,1000,4
LTE,724,3,31153,236042964,-23.7374,-46.6015,1000,6
LTE,724,3,31153,236048661,-23.8797,-46.4971,1000,1
LTE,724,3,31153,236050562,-23.8272,-46.5069,1000,1
LTE,724,3,31153,236051264,-23.7701,-46.5929,1000,14
LTE,724,3,31154,185660161,-23.6304,-46.6361,1000,1
LTE,724,3,31154,185660170,-23.6335,-46.6286,1000,1
LTE,724,3,31154,185664267,-23.6473,-46.64,1000,2
LTE,724,3,31155,202430486,-23.5377,-46.6257,1000,5
LTE,724,3,31155,202430730,-23.5441,-46.6265,1000,1
LTE,724,3,31155,202430977,-23.5362,-46.6346,1000,6
LTE,724,3,31155,202431617,-23.536,-46.6329,1000,4
LTE,724,3,31155,202434819,-23.5425,-46.638,1000,1
LTE,724,3,31155,202436995,-23.543,-46.6367,1000,1
LTE,724,3,31155,202438423,-23.5392,-46.6428,1000,3
LTE,724,3,31155,202450397,-23.5374,-46.6395,7204,15
LTE,724,3,31157,18102146,-23.451,-46.4053,1000,1
LTE,724,3,31157,219268373,-23.4521,-46.454,1000,1
LTE,724,3,31157,219269899,-23.4451,-46.4331,1000,1
LTE,724,3,31157,219270423,-23.4479,-46.4291,1000,1
LTE,724,3,31157,219270787,-23.4289,-46.4118,1000,1
LTE,724,3,31157,219276054,-23.4146,-46.3693,1000,1
LTE,724,3,31158,18628619,-23.685,-46.559,1000,1
LTE,724,3,31158,18629387,-23.6906,-46.5683,1000,1
LTE,724,3,31158,18679823,-23.7642,-46.5794,1000,2
LTE,724,3,31159,16795091,-23.6689,-46.4612,1000,12
LTE,724,3,31159,16823231,-23.6669,-46.4691,851,44
LTE,724,3,31159,16823755,-23.673,-46.4693,1000,21
LTE,724,3,31159,16824329,-23.6654,-46.4384,1000,2
LTE,724,3,31159,17312266,-23.6598,-46.4953,1000,4
LTE,724,3,31159,18116117,-23.6623,-46.5075,500,50
LTE,724,3,31159,18150155,-23.6832,-46.4603,1000,2
LTE,724,3,31159,18150165,-23.6825,-46.469,748,31
LTE,724,3,31159,18150423,-23.6747,-46.4549,1000,5
LTE,724,3,31159,18187023,-23.6669,-46.4654,1000,9
LTE,724,3,31159,18216214,-23.6589,-46.3946,1954,50
LTE,724,3,31159,18366987,-23.6587,-46.4789,534,30
LTE,724,3,31159,18927639,-23.6648,-46.4506,1000,15
LTE,724,3,31159,18929675,-23.6625,-46.4728,500,30
LTE,724,3,31159,235995394,-23.6643,-46.4487,1000,2
LTE,724,3,31159,236015126,-23.6532,-46.5093,1000,1
LTE,724,3,31160,168840205,-23.4383,-46.5674,1000,1
LTE,724,3,31160,168843907,-23.4639,-46.579,1000,1
LTE,724,3,31160,168876482,-23.4686,-46.5678,1000,1
LTE,724,3,31160,168876484,-23.4711,-46.5667,1000,1
LTE,724,3,31160,219245185,-23.4968,-46.543,1000,11
LTE,724,3,31160,219247561,-23.4885,-46.5423,1000,1
LTE,724,3,31160,219249687,-23.4434,-46.5572,1000,1
LTE,724,3,31160,219250368,-23.4442,-46.5383,1000,1
LTE,724,3,31160,219252866,-23.4735,-46.526,1000,1
LTE,724,3,31161,219251331,-23.4655,-46.515,1000,1
LTE,724,3,31161,219253271,-23.4385,-46.5065,1000,1
LTE,724,3,31162,18623510,-23.5321,-46.5279,1000,2
LTE,724,3,31162,168915677,-23.5348,-46.5492,1507,4
LTE,724,3,31162,168916239,-23.532,-46.528,1000,8
LTE,724,3,31162,185632193,-23.5356,-46.553,1000,2
LTE,724,3,31162,185632216,-23.5349,-46.5427,1000,2
LTE,724,3,31163,168832982,-23.4724,-46.69,1000,1
LTE,724,3,31163,168835146,-23.4679,-46.6857,1000,1
LTE,724,3,31163,168835276,-23.4662,-46.6874,1000,1
LTE,724,3,31164,235957773,-23.4698,-46.3337,1000,10
LTE,724,3,31164,235959562,-23.5081,-46.3414,1000,1
LTE,724,3,31164,235959682,-23.5041,-46.3333,1000,16
LTE,724,3,31165,16958424,-23.5191,-46.6215,1000,1
LTE,724,3,31165,17321219,-23.519,-46.6171,1000,1
LTE,724,3,31165,168861314,-23.5174,-46.6326,1000,1
LTE,724,3,31165,168863559,-23.5151,-46.6251,1000,4
LTE,724,3,31165,168864525,-23.5145,-46.6337,1000,1
LTE,724,3,31165,168864643,-23.5185,-46.6368,1000,1
LTE,724,3,31165,168867087,-23.5246,-46.6015,1000,1
LTE,724,3,31165,202446912,-23.5183,-46.6458,1000,1
LTE,724,3,31165,202447061,-23.5184,-46.6467,1000,1
LTE,724,3,31165,202448339,-23.5256,-46.6657,1000,4
LTE,724,3,31165,202449162,-23.5304,-46.6419,1000,6
LTE,724,3,31165,202449282,-23.5266,-46.6411,1000,1
LTE,724,3,31165,202450955,-23.5277,-46.6539,1000,11
LTE,724,3,31165,202451274,-23.5314,-46.6412,1000,5
LTE,724,3,31165,202452493,-23.522,-46.6124,1000,1
LTE,724,3,31165,202452611,-23.5192,-46.6172,1000,1
LTE,724,3,31165,202453763,-23.5236,-46.6093,1000,1
LTE,724,3,31166,168865794,-23.5023,-46.6246,1000,4
LTE,724,3,31167,202429910,-23.5324,-46.6728,1000,2
LTE,724,3,31168,185625354,-23.5307,-46.6003,1000,3
LTE,724,3,31168,185625358,-23.5306,-46.6006,1000,1
LTE,724,3,31168,185625366,-23.5304,-46.6008,1000,5
LTE,724,3,31168,202452993,-23.5456,-46.6162,1000,1
LTE,724,3,31168,202455359,-23.5398,-46.6211,1000,4
LTE,724,3,31168,202456578,-23.5447,-46.6173,1000,1
LTE,724,3,31169,17373443,-23.6023,-46.9158,1000,11
LTE,724,3,31169,17412877,-23.599,-46.8506,1000,2
LTE,724,3,31169,18684939,-23.5986,-46.8905,1000,1
LTE,724,3,31169,18688130,-23.5904,-46.8241,1000,1
LTE,724,3,31170,17038095,-23.3589,-46.0982,1896,40
LTE,724,3,31170,235968897,-23.3924,-46.1698,1093,21
LTE,724,3,31170,235970314,-23.4345,-46.2329,2453,35
LTE,724,3,31170,235970325,-23.4145,-46.1939,1438,22
LTE,724,3,31170,235972874,-23.4912,-46.2307,1000,4
LTE,724,3,31170,235974019,-23.339,-46.1509,1000,1
LTE,724,3,31171,185647946,-23.5478,-46.6159,1000,1
LTE,724,3,31171,202470166,-23.5591,-46.6078,1000,3
LTE,724,3,31172,17023167,-23.6532,-46.527,1000,20
LTE,724,3,31172,17282314,-23.6413,-46.5351,1000,6
LTE,724,3,31172,18113282,-23.6372,-46.5402,2945,28
LTE,724,3,31172,18113289,-23.6322,-46.5405,1000,9
LTE,724,3,31172,18116887,-23.6286,-46.5427,1000,19
LTE,724,3,31172,18225109,-23.655,-46.5238,1000,2
LTE,724,3,31172,236007811,-23.6483,-46.5309,1000,3
LTE,724,3,31172,236009229,-23.6258,-46.5444,1000,3
LTE,724,3,31172,236012810,-23.625,-46.5475,1730,11
LTE,724,3,31173,202415883,-23.557,-46.7023,1000,7
LTE,724,3,31173,202487299,-23.5653,-46.6809,1000,1
LTE,724,3,31173,202487426,-23.5654,-46.6768,1000,3
LTE,724,3,31173,202490894,-23.5559,-46.6739,1000,1
LTE,724,3,31173,202491265,-23.5523,-46.6783,1000,6
LTE,724,3,31173,202492939,-23.5556,-46.6863,1000,6
LTE,724,3,31173,202493058,-23.5554,-46.6813,1000,3
LTE,724,3,31173,202495363,-23.5517,-46.6857,1000,2
LTE,724,3,31174,16824067,-23.511,-46.8654,1000,5
LTE,724,3,31174,17388929,-23.5626,-46.8349,1000,1
LTE,724,3,31174,17408960,-23.5052,-46.8534,1000,1
LTE,724,3,31174,18039318,-23.5596,-46.8379,1000,2
LTE,724,3,31174,18713556,-23.5075,-46.8939,1000,1
LTE,724,3,31174,18713987,-23.5148,-46.923,1000,1
LTE,724,3,31174,18717961,-23.5023,-46.8922,1000,1
LTE,724,3,31174,18720779,-23.4983,-46.8661,1000,1
LTE,724,3,31174,18904597,-23.5162,-46.8313,1000,1
LTE,724,3,31175,17438911,-23.5034,-46.7605,1000,1
LTE,724,3,31175,18740285,-23.4951,-46.7641,1000,1
LTE,724,3,31175,168821259,-23.4515,-46.7547,1000,12
LTE,724,3,31175,168821377,-23.4349,-46.7595,1000,1
LTE,724,3,31175,168822403,-23.4573,-46.7534,1000,11
LTE,724,3,31175,168823562,-23.4532,-46.7865,1000,1
LTE,724,3,31175,168823937,-23.4243,-46.7597,1000,1
LTE,724,3,31175,168825281,-23.4188,-46.7989,1000,1
LTE,724,3,31175,168825305,-23.4339,-46.7831,1000,1
LTE,724,3,31175,168844501,-23.4879,-46.7269,1000,5
LTE,724,3,31175,168845699,-23.4839,-46.7678,1000,1
LTE,724,3,31175,168846093,-23.4645,-46.7511,1000,2
LTE,724,3,31175,168849154,-23.4841,-46.7377,1000,16
LTE,724,3,31175,168849281,-23.4752,-46.7372,1045,13
LTE,724,3,31176,16790724,-23.536,-46.2984,523,26
LTE,724,3,31176,17396758,-23.5327,-46.3121,1000,17
LTE,724,3,31176,17434499,-23.5679,-46.3429,1086,21
LTE,724,3,31176,235989014,-23.5807,-46.3467,1000,20
LTE,724,3,31177,17479957,-23.4077,-46.8889,1000,1
LTE,724,3,31177,18656386,-23.4316,-46.9372,1000,1
LTE,724,3,31177,168823256,-23.4229,-46.746,1258,29
LTE,724,3,31177,168825475,-23.4124,-46.825,1000,1
LTE,724,3,31177,219196162,-23.4699,-46.829,1000,1
LTE,724,3,31177,219196546,-23.4105,-46.8683,1000,1
LTE,724,3,31177,219206666,-23.3491,-46.8086,1000,19
LTE,724,3,31177,219206933,-23.3524,-46.8748,1000,1
LTE,724,3,31177,219207178,-23.3978,-46.8358,1000,2
LTE,724,3,31177,219207181,-23.3797,-46.8361,1000,1
LTE,724,3,31177,219207190,-23.3984,-46.8356,1000,1
LTE,724,3,31177,219208714,-23.3566,-46.7897,1000,21
LTE,724,3,31177,219210763,-23.3198,-46.8223,1000,1
LTE,724,3,31179,219216137,-23.2532,-46.8726,1156,22
LTE,724,3,31179,219217026,-23.2119,-46.8813,1000,1
LTE,724,3,31179,219217679,-23.2261,-46.9037,1000,12
LTE,724,3,31179,219218710,-23.2213,-46.8791,1000,1
LTE,724,3,31179,219218945,-23.1982,-46.87,1000,17
LTE,724,3,31179,219220235,-23.1964,-46.8715,1000,3
LTE,724,3,31179,219221783,-23.1875,-46.9243,1000,1
LTE,724,3,31179,219224263,-23.1973,-46.875,1000,3
LTE,724,3,31179,219225986,-23.1652,-47.0041,1000,1
LTE,724,3,31179,219226889,-23.1589,-46.9359,1000,1
LTE,724,3,31179,219226891,-23.1727,-46.9389,1000,9
LTE,724,3,31179,219227266,-23.1739,-46.9203,1000,1
LTE,724,3,31179,219227659,-23.1729,-46.938,1984,5
LTE,724,3,31179,219228930,-23.1416,-46.9382,1000,1
LTE,724,3,31179,219228938,-23.1348,-46.9417,1000,1
LTE,724,3,31181,17385474,-23.4503,-46.3298,1402,50
LTE,724,3,31181,17385487,-23.4716,-46.3409,2119,16
LTE,724,3,31181,17445903,-23.4629,-46.3406,937,25
LTE,724,3,31181,17446166,-23.4708,-46.335,1375,24
LTE,724,3,31181,18018582,-23.4589,-46.3475,1000,22
LTE,724,3,31181,18055177,-23.4431,-46.2718,1000,11
LTE,724,3,31181,18235009,-23.4608,-46.3458,1000,13
LTE,724,3,31181,18679054,-23.4061,-46.1888,5670,13
LTE,724,3,31181,18787351,-23.443,-46.3029,1976,26
LTE,724,3,31181,18964235,-23.4429,-46.3059,1000,12
LTE,724,3,31181,235948809,-23.328,-46.1294,1000,6
LTE,724,3,31181,235954966,-23.4424,-46.2819,1600,12
LTE,724,3,31181,235961359,-23.4625,-46.3807,1000,1
LTE,724,3,31181,235961804,-23.4713,-46.3528,1000,1
LTE,724,3,31183,17168329,-23.5149,-46.6725,1000,1
LTE,724,3,31183,168853783,-23.5086,-46.7119,1000,1
LTE,724,3,31183,168857292,-23.5119,-46.6768,1000,1
LTE,724,3,31183,202415810,-23.5072,-46.6944,1000,1
LTE,724,3,31183,202418702,-23.5214,-46.6886,1000,5
LTE,724,3,31183,202427972,-23.5282,-46.6694,1000,7
LTE,724,3,31183,202428122,-23.5283,-46.6694,1000,9
LTE,724,3,31183,202428682,-23.5294,-46.6765,1000,3
LTE,724,3,31184,235980553,-23.5789,-46.1808,1000,11
LTE,724,3,31184,235980554,-23.6083,-46.1542,1820,29
LTE,724,3,31184,235981833,-23.6187,-46.1385,1210,50
LTE,724,3,31186,18467796,-23.5452,-46.6025,1000,8
LTE,724,3,31187,202481674,-23.5773,-46.6597,1000,1
LTE,724,3,31187,202481686,-23.5782,-46.6604,1000,5
LTE,724,3,31187,202489985,-23.5686,-46.6729,1000,12
LTE,724,3,31187,202490134,-23.5755,-46.6655,1000,11
LTE,724,3,31187,202490369,-23.5603,-46.6712,1000,5
LTE,724,3,31188,185657621,-23.5945,-46.5911,1000,3
LTE,724,3,31188,202497409,-23.5752,-46.6408,1000,2
LTE,724,3,31188,202500617,-23.5811,-46.6498,1000,8
LTE,724,3,31188,219157261,-23.5937,-46.5903,1000,2
LTE,724,3,31188,219161621,-23.597,-46.6442,1000,1
LTE,724,3,31188,219162054,-23.5946,-46.6509,1000,5
LTE,724,3,31191,202456963,-23.5399,-46.6664,1000,4
LTE,724,3,31191,202465603,-23.5715,-46.6464,1000,1
LTE,724,3,31191,202477368,-23.5567,-46.6606,1000,3
LTE,724,3,31191,202478349,-23.5578,-46.6676,1000,1
LTE,724,3,31191,202498307,-23.5732,-46.6426,1000,1
LTE,724,3,31191,202498314,-23.5756,-46.6418,1000,5
LTE,724,3,31192,202437911,-23.5374,-46.6453,1000,2
LTE,724,3,31192,202450561,-23.5309,-46.6465,1000,1
LTE,724,3,31195,17417987,-23.55,-46.3799,1000,4
LTE,724,3,31195,17418005,-23.5442,-46.3737,1000,8
LTE,724,3,31195,18335956,-23.5069,-46.3303,1000,13
LTE,724,3,31195,19256343,-23.5456,-46.3756,1000,19
LTE,724,3,31195,168901902,-23.545,-46.406,1000,5
LTE,724,3,31195,185603598,-23.5403,-46.4218,1000,7
LTE,724,3,31196,18721289,-23.5773,-46.8096,1000,16
LTE,724,3,31196,18724064,-23.5629,-46.8195,1000,8
LTE,724,3,31197,17346838,-23.5326,-46.7682,1000,4
LTE,724,3,31197,17347339,-23.5253,-46.8002,1000,3
LTE,724,3,31197,17351365,-23.5282,-46.774,1000,1
LTE,724,3,31197,18631435,-23.5192,-46.7769,1000,1
LTE,724,3,31197,18718849,-23.4836,-46.7898,1000,1
LTE,724,3,31197,18718850,-23.4825,-46.8033,1000,2
LTE,724,3,31197,18726275,-23.5399,-46.7671,1000,1
LTE,724,3,31197,18734602,-23.5193,-46.7885,1000,1
LTE,724,3,31197,18735114,-23.5207,-46.7752,1000,1
LTE,724,3,31197,18735235,-23.5216,-46.7781,1000,1
LTE,724,3,31197,18736662,-23.522,-46.7649,1000,1
LTE,724,3,31197,18737935,-23.5281,-46.7754,1000,1
LTE,724,3,31197,18738123,-23.5281,-46.7755,1000,1
LTE,724,3,31197,18738189,-23.4811,-46.7793,1000,1
LTE,724,3,31197,18738199,-23.4867,-46.7821,1000,1
LTE,724,3,31197,18742806,-23.5041,-46.7845,1000,1
LTE,724,3,31197,168820940,-23.4936,-46.7712,1000,1
LTE,724,3,31226,258400258,-22.95,-45.4933,7691,18
LTE,724,3,31254,18886274,-23.3296,-45.9263,1047,29
LTE,724,3,31254,18892923,-23.3556,-46.073,3135,21
LTE,724,3,31254,18892931,-23.3534,-46.0519,1639,50
LTE,724,3,31254,18898699,-23.3428,-45.9637,1000,21
LTE,724,3,31254,18905611,-23.3067,-46.0409,1000,18
LTE,724,3,31254,18946563,-23.3104,-45.939,1000,20
LTE,724,3,31254,18946690,-23.3113,-45.9339,1098,33
LTE,724,3,31254,19137035,-23.2923,-46.0011,1369,31
LTE,724,3,31254,19266947,-23.3165,-46.0747,1000,21
LTE,724,3,31254,19595649,-23.2696,-45.9532,1000,8
LTE,724,3,31294,18884366,-23.2127,-45.9075,541,28
LTE,724,3,31294,18913861,-23.2396,-45.8721,851,29
LTE,724,3,31294,19135498,-23.461,-45.5899,1000,1
LTE,724,3,31294,19597186,-23.1777,-45.836,1000,11
LTE,724,3,31294,19597323,-23.3065,-45.8927,1244,22
LTE,724,3,31294,19599873,-23.1422,-45.7789,1000,1
LTE,724,3,31294,19601537,-23.1591,-45.7992,1000,8
LTE,724,3,31294,19602306,-23.2708,-45.8297,1707,7
LTE,724,3,31294,19606031,-23.2129,-45.915,672,46
LTE,724,3,31294,19607426,-23.2071,-45.8827,1000,1
LTE,724,3,31294,19607682,-23.2669,-45.896,1000,1
LTE,724,3,31294,19608330,-23.1809,-45.8486,1000,1
LTE,724,3,31294,19608451,-23.187,-45.8549,633,26
LTE,724,3,31294,19611145,-23.1604,-45.8915,1000,2
LTE,724,3,31294,19612289,-23.2131,-45.8909,1000,23
LTE,724,3,31294,19613059,-23.1778,-45.8304,1000,1
LTE,724,3,31294,19613963,-23.1813,-45.8668,1000,2
LTE,724,3,31294,19617293,-23.189,-45.8895,1000,3
LTE,724,3,31294,19619081,-23.2302,-45.9285,1000,10
LTE,724,3,31298,18936842,-23.0367,-45.5532,1000,1
LTE,724,3,31298,18936843,-23.0366,-45.5579,1000,21
LTE,724,3,31298,19372815,-22.9989,-45.5425,1000,2
LTE,724,3,31298,19489035,-23.127,-45.7353,1499,51
LTE,724,3,31298,19513865,-23.0023,-45.504,2998,50
LTE,724,3,31298,19561226,-23.0422,-45.5739,1000,1
LTE,724,3,31299,18876291,-22.9343,-45.4677,1118,16
LTE,724,3,31299,18887179,-22.7787,-45.144,1411,15
LTE,724,3,31299,18887553,-22.7868,-45.167,1000,1
LTE,724,3,31299,19264782,-22.5869,-44.8826,1000,11
LTE,724,3,31299,19274250,-22.8495,-45.2274,1000,15
LTE,724,3,31299,19372298,-22.8069,-45.1737,1000,20
LTE,724,3,31299,19372299,-22.8182,-45.1839,1000,22
LTE,724,3,31299,19372419,-22.8162,-45.1833,1000,1
LTE,724,3,31299,19468045,-22.9348,-45.4725,1000,19
LTE,724,3,31299,19480846,-22.9275,-45.4577,1000,9
LTE,724,3,31299,19480847,-22.9316,-45.47,1000,14
LTE,724,3,31299,19592973,-22.5546,-44.8216,4039,23
LTE,724,3,31350,18982500,-23.9992,-46.413,1000,1
LTE,724,3,31350,19104130,-24.17,-46.7699,1000,1
LTE,724,3,31350,19925761,-24.0343,-46.4963,1000,1
LTE,724,3,31350,19930114,-24.1252,-46.6833,1000,1
LTE,724,3,31350,19940674,-24.1012,-46.6346,1000,1
LTE,724,3,31350,19948419,-24.2018,-46.8469,1000,1
LTE,724,3,31350,19986243,-24.0075,-46.4335,1000,1
LTE,724,3,31350,19991307,-24.1073,-46.6492,1000,1
LTE,724,3,31350,19994122,-24.13,-46.6961,1000,1
LTE,724,3,31350,20007181,-23.9389,-46.4644,1000,1
LTE,724,3,31350,20007182,-23.9496,-46.4587,1000,1
LTE,724,3,31350,20013577,-24.1678,-46.7714,1000,2
LTE,724,3,31350,20022025,-24.1718,-46.7776,1000,1
LTE,724,3,31350,20435647,-24.0349,-46.5151,1000,1
LTE,724,3,31351,18989069,-23.9552,-46.3108,1000,1
LTE,724,3,31351,19946755,-23.9685,-46.3349,1000,3
LTE,724,3,31351,19972419,-23.969,-46.3381,1000,17
LTE,724,3,31351,19977277,-23.9637,-46.2784,1518,3
LTE,724,3,31351,19979070,-23.9664,-46.333,1000,1
LTE,724,3,31351,19979331,-23.9697,-46.3333,1000,4
LTE,724,3,31351,19984968,-23.9672,-46.335,1000,4
LTE,724,3,31351,20003081,-23.9625,-46.2921,1000,1
LTE,724,3,31351,20004623,-23.95,-46.4132,1000,1
LTE,724,3,31351,20008971,-23.9556,-46.3448,1000,1
LTE,724,3,31351,20396043,-23.9516,-46.3953,1000,1
LTE,724,3,31351,20417461,-23.9793,-46.2678,1000,1
LTE,724,3,31351,20431235,-23.9463,-46.3249,1000,1
LTE,724,3,31351,20434102,-23.9475,-46.3839,1000,1
LTE,724,3,31351,20436090,-23.9465,-46.367,1000,1
LTE,724,3,31351,20436099,-23.9493,-46.3766,1000,1
LTE,724,3,31351,20436233,-23.9345,-46.3188,1000,1
LTE,724,3,31351,20451594,-23.9414,-46.4155,1000,1
LTE,724,3,31351,20454718,-23.9747,-46.2753,1000,1
LTE,724,3,31351,20454755,-23.9685,-46.2468,1000,1
LTE,724,3,31351,20455299,-23.9254,-46.4061,1000,6
LTE,724,3,31351,20456067,-23.9552,-46.3377,1000,8
LTE,724,3,31351,20459023,-23.951,-46.3448,1000,1
LTE,724,3,31351,236128323,-23.9543,-46.2946,1000,1
LTE,724,3,31351,236130877,-23.9405,-46.3712,1000,1
LTE,724,3,31351,258821822,-23.8809,-46.4221,1000,1
LTE,724,3,31398,19958026,-23.9503,-46.3172,1000,1
LTE,724,3,31399,19072770,-24.6509,-47.9409,1000,3
LTE,724,3,31399,19115905,-24.2575,-47.3773,1000,2
LTE,724,3,31399,19115906,-24.2673,-47.3928,1000,1
LTE,724,3,31399,19116033,-24.324,-47.5512,1000,2
LTE,724,3,31399,19116034,-24.311,-47.5104,2421,4
LTE,724,3,31399,19116801,-24.2242,-47.3646,1000,4
LTE,724,3,31399,19409923,-24.2815,-47.2252,1000,2
LTE,724,3,31399,20409102,-24.577,-47.8759,1000,1
LTE,724,3,31399,20413453,-24.687,-47.992,1331,2
LTE,724,3,31399,20430978,-24.2976,-47.0698,1000,1
LTE,724,3,31401,21475458,-22.6707,-48.6615,1000,1
LTE,724,3,31405,19319298,-22.2882,-48.0102,1000,1
LTE,724,3,31493,20989198,-23.1451,-48.3969,6590,12
LTE,724,3,31501,22496521,-23.7037,-47.4421,1519,14
LTE,724,3,31501,22509067,-23.3752,-47.4377,1000,1
LTE,724,3,31501,22514818,-23.4381,-47.3782,1000,1
LTE,724,3,31501,22631809,-23.65,-47.2142,1000,7
LTE,724,3,31501,22632462,-23.6593,-47.1894,1000,15
LTE,724,3,31501,236257545,-23.429,-47.3962,1000,1
LTE,724,3,31501,236258570,-23.5298,-47.4684,1000,1
LTE,724,3,31501,236259337,-23.4518,-47.4682,1000,1
LTE,724,3,31502,22032917,-23.2375,-48.1966,1000,1
LTE,724,3,31502,22617359,-23.6796,-47.2823,1000,11
LTE,724,3,31502,22620941,-23.2611,-47.4938,1000,1
LTE,724,3,31502,22632206,-23.9825,-48.8777,1000,1
LTE,724,3,31505,19082243,-23.6156,-47.4616,1000,1
LTE,724,3,31589,22039309,-25.0291,-48.5291,1000,1
LTE,724,3,31608,19157370,-20.9401,-47.8765,1000,1
LTE,724,3,31608,23487241,-20.8587,-47.8955,1000,1
LTE,724,3,31608,23487242,-20.8984,-47.8929,1000,1
LTE,724,3,31613,23958029,-21.4417,-48.6475,1000,1
LTE,724,3,31697,19075074,-21.2685,-48.483,1000,1
LTE,724,3,31697,19079683,-21.0212,-48.0282,1000,1
LTE,724,3,31697,19505922,-21.242,-48.2509,1000,1
LTE,724,3,31697,19507714,-21.5354,-48.5122,1000,1
LTE,724,3,31697,19511042,-21.3679,-48.2245,1000,1
LTE,724,3,31697,23071617,-21.2459,-48.3118,1000,1
LTE,724,3,31697,23466114,-21.403,-48.4819,1000,1
LTE,724,3,31697,23509002,-21.7935,-48.173,1000,1
LTE,724,3,31697,23514893,-22.0038,-47.8687,1000,1
LTE,724,3,31697,23968897,-21.7834,-48.1352,1000,1
LTE,724,3,31697,24009995,-21.8312,-48.1449,1000,1
LTE,724,3,31698,19458561,-21.3315,-47.7568,1000,1
LTE,724,3,31698,23504642,-21.172,-47.8071,1000,6
LTE,724,3,31698,23934734,-21.3425,-47.726,1000,1
LTE,724,3,31698,23992585,-21.2161,-47.7592,1000,1
LTE,724,3,31698,23994234,-21.1372,-47.765,1000,1
LTE,724,3,31699,23484427,-21.0236,-47.7664,1000,1
LTE,724,3,31699,23484547,-21.0247,-47.7688,1000,1
LTE,724,3,31699,23493762,-20.27,-47.7984,1000,1
LTE,724,3,31699,24004738,-20.5314,-47.3926,1000,1
LTE,724,3,31701,24711181,-20.9539,-48.4901,1000,1
LTE,724,3,31702,258418179,-20.2806,-50.2287,1000,1
LTE,724,3,31710,19511553,-20.6591,-48.5475,1000,1
LTE,724,3,31799,19448578,-21.2384,-48.9009,1000,1
LTE,724,3,31799,24582785,-20.8081,-49.4936,1000,1
LTE,724,3,31799,24614670,-21.2149,-49.2924,1000,1
LTE,724,3,31799,24712970,-20.8709,-49.3232,1000,1
LTE,724,3,31799,24719371,-20.5444,-48.5887,1000,1
LTE,724,3,31805,25175566,-21.8862,-51.8825,1000,1
LTE,724,3,31901,26312321,-22.7525,-47.2562,1000,1
LTE,724,3,31901,26312323,-22.7672,-47.2492,1000,1
LTE,724,3,31901,26846851,-22.8327,-47.338,1000,1
LTE,724,3,31901,26858766,-22.865,-47.2951,1000,1
LTE,724,3,31901,26861699,-22.8309,-47.184,1000,1
LTE,724,3,31901,26870658,-22.8766,-47.2283,1000,1
LTE,724,3,31901,236534542,-22.8563,-47.1799,1000,1
LTE,724,3,31930,258357763,-22.3885,-47.3923,1000,1
LTE,724,3,31933,258312705,-22.7265,-47.2926,1000,1
LTE,724,3,31933,258320387,-22.5733,-47.3669,1000,1
LTE,724,3,31933,258320899,-22.5377,-47.3799,1000,1
LTE,724,3,31957,19367946,-23.1129,-47.0011,1000,22
LTE,724,3,31957,26258698,-23.0951,-46.9692,1000,1
LTE,724,3,31957,26319627,-23.1163,-47.0092,1258,2
LTE,724,3,31957,26335619,-22.9616,-47.0125,1000,1
LTE,724,3,31957,26827017,-23.065,-46.9898,1000,1
LTE,724,3,31990,26272523,-22.8037,-47.1363,1000,2
LTE,724,3,31991,19325194,-22.4666,-46.9776,1000,1
LTE,724,3,31991,19325965,-22.456,-46.9028,1000,1
LTE,724,3,31991,26239754,-22.038,-47.4298,1000,1
LTE,724,3,31991,26239874,-22.0432,-47.4304,1000,1
LTE,724,3,31991,26326027,-22.1717,-47.3949,1000,1
LTE,724,3,31991,26390537,-22.3128,-46.9647,1000,1
LTE,724,3,31991,26807819,-21.9467,-47.3722,1000,1
LTE,724,3,31991,26816779,-22.4307,-46.8215,1000,1
LTE,724,3,31992,19161602,-22.7574,-47.2573,1000,1
LTE,724,3,31993,19128833,-22.7559,-47.4648,1000,1
LTE,724,3,31993,19205131,-22.6269,-47.3404,1000,2
LTE,724,3,31995,26678539,-22.8448,-47.0802,1000,1
LTE,724,3,31995,236530561,-22.9582,-47.1145,1000,1
LTE,724,3,31996,26220291,-22.9567,-47.0933,1000,1
LTE,724,3,31996,26222594,-22.8607,-47.1402,1000,1
LTE,724,3,31996,26229773,-23.0189,-47.1224,1190,12
LTE,724,3,31996,26299405,-22.8828,-47.1174,1000,1
LTE,724,3,31996,26350602,-23.0097,-47.1468,1000,1
LTE,724,3,31996,26676481,-22.9405,-47.0841,1000,1
LTE,724,3,31996,26676482,-22.9412,-47.0849,1000,1
LTE,724,3,31996,26676611,-22.9402,-47.0924,1000,1
LTE,724,3,31996,26681609,-22.9838,-47.103,1000,1
LTE,724,3,31996,26683406,-22.9345,-46.9263,1000,1
LTE,724,3,31996,26684033,-22.9073,-47.1363,1000,1
LTE,724,3,31996,26684034,-22.9291,-47.1297,1000,1
LTE,724,3,31996,26698084,-22.9359,-47.0819,1000,1
LTE,724,3,31996,26842639,-22.8683,-47.1307,1000,1
LTE,724,3,31998,19209482,-22.7323,-47.5726,1000,1
LTE,724,3,31998,19289475,-22.3551,-47.3852,1000,1
LTE,724,3,31998,19345025,-22.489,-47.1647,1000,1
LTE,724,3,31998,26343043,-22.5474,-47.3574,1000,1
LTE,724,3,31998,26375945,-22.4546,-47.5364,1000,1
LTE,724,3,31998,26863626,-22.3758,-47.388,1000,1
LTE,724,3,31998,26864910,-22.369,-47.4045,1000,1
LTE,724,3,31999,26818315,-23.118,-47.2219,1000,1
LTE,724,3,31999,26818435,-23.1173,-47.2216,1000,1
LTE,724,3,31999,26819594,-23.0918,-47.1866,1000,1
LTE,724,3,31999,26819713,-23.0855,-47.1966,1000,1
LTE,724,3,31999,26857858,-23.1316,-47.2411,1000,1
LTE,724,3,31999,26859535,-23.1122,-47.2091,1000,1
LTE,724,3,40214,35877129,-23.1336,-48.2855,1000,8
LTE,724,3,50112,230715159,-23.0645,-45.909,1000,7
LTE,724,3,50215,230862339,-23.7118,-47.3577,1000,4
LTE,724,3,51411,204847412,-23.3744,-46.7559,1000,12
UMTS,724,3,50111,74396571,-23.7952,-46.915,1000,1
UMTS,724,3,50212,8169811,-22.9316,-45.4669,1776,16
UMTS,724,3,50213,8706083,-23.9205,-46.2581,5302,50
UMTS,724,3,50318,11946348,-21.429,-50.0702,1298,50
UMTS,724,3,50319,12704145,-22.8004,-47.2644,3806,32
UMTS,724,3,50512,8077953,-23.1862,-45.9142,3528,27
UMTS,724,3,50512,8112653,-23.2381,-45.8782,1988,33
UMTS,724,3,50512,8113745,-23.2213,-45.8888,1273,35
UMTS,724,3,50512,8114041,-23.2449,-45.8469,1315,50
UMTS,724,3,50712,8073981,-22.8177,-45.7495,22094,29
UMTS,724,3,51019,12726481,-22.0028,-47.4434,1000,1
UMTS,724,3,51019,12750177,-21.8761,-47.4862,1000,2
UMTS,724,3,51019,12761257,-22.329,-46.9601,1000,1
UMTS,724,3,51211,74377680,-23.6207,-47.0449,1000,4
UMTS,724,3,52311,73213699,-23.5873,-46.6949,6640,27
UMTS,724,3,53115,10009467,-24.9217,-48.2656,1612,2
UMTS,724,3,53511,73978963,-23.6336,-46.5416,7567,30
UMTS,724,3,53811,73901318,-23.6453,-46.8452,3203,37
UMTS,724,3,55511,74156501,-23.5919,-46.5927,7897,27
UMTS,724,3,55811,74040661,-23.5507,-46.3516,1458,50
UMTS,724,3,56211,74091126,-23.5813,-46.7334,4055,25
UMTS,724,3,56611,73237649,-23.6114,-46.6966,7347,19
UMTS,724,3,58511,73759545,-23.5473,-46.6124,1000,4
GSM,724,4,4161,32413,-16.6997,-47.6877,4084,36
GSM,724,4,4161,32431,-16.482,-47.8101,3004,50
GSM,724,4,5261,1291,-15.7995,-47.8795,1005,5
GSM,724,4,8347,23121,-27.1326,-48.5988,8999,22
GSM,724,4,17241,16494,-25.1092,-48.7476,27631,50
GSM,724,4,22041,13605,-25.8541,-48.9618,1000,1
GSM,724,4,22146,15286,-26.4454,-52.3005,1480,23
GSM,724,4,22163,55115,-11.6968,-49.0509,4075,2
GSM,724,4,22246,45606,-26.269,-52.7068,1000,12
GSM,724,4,22541,13735,-25.6855,-48.4933,1000,3
GSM,724,4,22841,13611,-25.4717,-49.7083,1000,1
GSM,724,4,24045,15916,-25.4481,-54.411,2466,50
GSM,724,4,24145,15764,-25.243,-53.9749,1000,1
GSM,724,4,24145,15766,-25.243,-53.9749,1000,1
GSM,724,4,24145,16013,-25.2808,-54.0962,1175,7
GSM,724,4,24145,26781,-25.4875,-54.5001,5351,15
GSM,724,4,24145,26786,-25.4898,-54.5093,2165,12
GSM,724,4,24145,35203,-25.5348,-54.5377,1000,1
GSM,724,4,24749,29304,-26.7567,-53.5003,1000,14
GSM,724,4,24749,29443,-26.8637,-52.9733,1000,7
GSM,724,4,24849,18052,-27.0953,-52.6325,1000,3
GSM,724,4,25045,26406,-24.9726,-53.4986,3526,27
GSM,724,4,27255,18692,-30.2734,-54.6742,1000,1
GSM,724,4,60045,26726,-25.5098,-54.574,4222,27
LTE,724,4,4262,256307735,-15.2305,-49.5549,1000,7
LTE,724,4,34150,68161302,-25.442,-49.2837,1000,1
LTE,724,4,34150,68161431,-25.4409,-49.2864,1000,1
LTE,724,4,34150,68161433,-25.4393,-49.2852,1000,1
LTE,724,4,34150,68169475,-25.4301,-49.283,2259,15
LTE,724,4,34150,68170241,-25.4401,-49.2959,7095,25
LTE,724,4,34150,68171275,-25.4479,-49.2586,1000,1
LTE,724,4,34150,68172033,-25.4459,-49.2642,7128,50
LTE,724,4,34150,68172311,-25.4361,-49.2606,1000,1
LTE,724,4,34150,68172545,-25.4657,-49.2969,6166,36
LTE,724,4,34150,68181250,-25.4449,-49.2894,1633,16
LTE,724,4,34150,68181258,-25.4514,-49.3026,1000,2
LTE,724,4,34150,68186370,-25.4443,-49.2317,3466,27
LTE,724,4,34150,68192130,-25.4308,-49.2845,1000,1
LTE,724,4,34150,68356481,-25.4307,-49.2624,1000,1
LTE,724,4,34150,68360719,-25.4417,-49.2802,1000,1
LTE,724,4,34150,68372099,-25.4274,-49.2723,1000,1
LTE,724,4,34150,68525953,-25.4379,-49.2425,1000,1
LTE,724,4,34152,68177419,-25.4891,-49.3457,1000,1
LTE,724,4,34152,68373377,-25.4845,-49.245,1000,11
LTE,724,4,34152,68953609,-25.4831,-49.3491,1000,1
LTE,724,4,34154,69187451,-25.5388,-49.2,1000,1
LTE,724,4,34154,69189385,-25.6105,-49.1687,1000,1
LTE,724,4,34154,69189397,-25.6123,-49.1681,1000,1
LTE,724,4,34154,69189903,-25.6632,-49.1768,1000,1
LTE,724,4,34154,69190421,-25.697,-49.1436,1000,1
LTE,724,4,34154,69190785,-25.5731,-49.1832,1135,4
LTE,724,4,34154,69191437,-25.5353,-49.1389,1000,1
LTE,724,4,34154,69192067,-25.5673,-49.2204,1000,1
LTE,724,4,34154,69194253,-25.5413,-49.1874,1000,1
LTE,724,4,34154,69195031,-25.5182,-49.1652,1000,1
LTE,724,4,34156,258565506,-25.469,-49.575,1000,1
LTE,724,4,34156,258565507,-25.4504,-49.5759,1000,1
LTE,724,4,34156,258578050,-25.4323,-49.4119,1000,1
LTE,724,4,34156,258578306,-25.4484,-49.4738,1000,1
LTE,724,4,34158,68319767,-25.3615,-49.2266,1000,1
LTE,724,4,34158,68320523,-25.3831,-49.2133,1000,2
LTE,724,4,34162,68812930,-25.8456,-49.063,1000,2
LTE,724,4,34162,68963851,-25.8533,-48.9785,1000,2
LTE,724,4,34164,68184450,-25.5422,-49.3154,1000,1
LTE,724,4,34164,68194049,-25.51,-49.2335,1000,4
LTE,724,4,34164,68364666,-25.5608,-49.2699,1000,1
LTE,724,4,34164,68364673,-25.5511,-49.2798,1000,2
LTE,724,4,34164,68369795,-25.5564,-49.2779,1000,1
LTE,724,4,34170,68227271,-25.4404,-49.5532,1000,1
LTE,724,4,34170,68227288,-25.458,-49.6406,1000,1
LTE,724,4,34171,68528142,-25.1083,-48.7916,1000,1
LTE,724,4,34172,68195971,-25.4572,-49.3602,1000,3
LTE,724,4,34172,68236547,-25.4707,-49.3537,1000,1
LTE,724,4,34173,69187715,-25.5159,-49.1369,1000,1
LTE,724,4,34173,69192457,-25.4689,-49.132,4933,2
LTE,724,4,34178,68163841,-25.4103,-49.2556,7993,50
LTE,724,4,34178,68168193,-25.4122,-49.246,8364,50
LTE,724,4,34178,68168313,-25.413,-49.2529,1000,1
LTE,724,4,34178,68169091,-25.4028,-49.2476,1000,11
LTE,724,4,34179,68158339,-25.4931,-49.2137,1000,1
LTE,724,4,34179,68160515,-25.4896,-49.2433,1520,33
LTE,724,4,34179,68160527,-25.4944,-49.2397,1000,3
LTE,724,4,34179,68165535,-25.445,-49.2325,1000,2
LTE,724,4,34179,68178051,-25.4952,-49.2397,1000,3
LTE,724,4,34179,68191235,-25.4517,-49.2548,1000,13
LTE,724,4,34179,68363139,-25.5109,-49.2345,1000,6
LTE,724,4,34179,68373891,-25.4787,-49.2474,1000,9
LTE,724,4,34179,68958977,-25.4913,-49.2421,1000,14
LTE,724,4,34179,68962569,-25.4454,-49.2399,1000,18
LTE,724,4,34179,68962689,-25.4447,-49.2402,1000,7
LTE,724,4,34180,68227594,-25.3727,-49.0624,1000,1
LTE,724,4,34180,68227969,-25.3303,-49.0307,1000,1
LTE,724,4,34180,68969742,-25.4091,-49.0628,1000,1
LTE,724,4,34182,68227337,-25.472,-49.7006,1000,2
LTE,724,4,34186,68183309,-25.4216,-49.3445,1000,1
LTE,724,4,34186,68364931,-25.4234,-49.3633,1000,1
LTE,724,4,34188,68166787,-25.444,-49.2406,1000,6
LTE,724,4,34192,258564106,-25.3141,-49.2905,1000,1
LTE,724,4,34204,69271821,-25.3809,-52.2038,1000,1
LTE,724,4,34204,69779215,-25.4587,-50.6201,1000,1
LTE,724,4,34204,70252290,-25.449,-51.9208,1000,1
LTE,724,4,34224,69767949,-25.4609,-50.6456,1727,2
LTE,724,4,34224,69768719,-25.4661,-50.238,1000,1
LTE,724,4,34224,69865485,-25.4207,-50.0864,1000,1
LTE,724,4,34251,70252307,-25.454,-51.9398,1000,2
LTE,724,4,34251,258580037,-25.3755,-51.472,1000,1
LTE,724,4,34257,69767694,-25.4684,-49.9036,1000,1
LTE,724,4,34257,69768975,-25.4687,-49.9045,1000,1
LTE,724,4,34257,69785613,-25.4298,-50.0249,1000,1
LTE,724,4,34261,69771023,-25.4623,-50.4229,1000,1
LTE,724,4,34299,69286670,-25.3219,-51.0662,1000,1
LTE,724,4,34299,69865487,-25.4249,-50.1141,1000,2
LTE,724,4,34299,70245134,-25.4635,-50.3498,1000,1
LTE,724,4,34299,70246414,-25.4398,-50.7259,1000,1
LTE,724,4,34377,70328000,-23.1461,-50.5801,1000,1
LTE,724,4,34550,258632459,-25.1069,-53.0535,7410,4
LTE,724,4,34550,258632469,-25.1171,-53.0024,1000,1
LTE,724,4,34551,72360067,-25.1672,-53.8722,1763,2
LTE,724,4,34551,73378946,-25.4392,-54.396,1000,1
LTE,724,4,34551,73381907,-25.32,-54.162,1000,1
LTE,724,4,34552,72361859,-25.2999,-54.1222,1000,1
LTE,724,4,34552,72390018,-25.5045,-54.5451,1000,1
LTE,724,4,34552,72391425,-25.5049,-54.5401,1000,2
LTE,724,4,34552,72394626,-25.4714,-54.5911,1000,1
LTE,724,4,34552,72396205,-25.509,-54.5853,1000,1
LTE,724,4,34552,72419531,-24.9845,-53.4737,1000,1
LTE,724,4,34552,72424715,-25.5071,-54.552,1000,1
LTE,724,4,34552,72821121,-25.4701,-54.4609,1000,1
LTE,724,4,34552,73379849,-25.5211,-54.5929,1000,1
LTE,724,4,34572,72419714,-24.9685,-53.4387,1067,50
LTE,724,4,34572,72422667,-24.9588,-53.4245,1000,5
LTE,724,4,34572,72423525,-24.9769,-53.4399,1000,2
LTE,724,4,34572,72423644,-24.9692,-53.3983,1000,1
LTE,724,4,34572,72423645,-24.9689,-53.4227,1000,2
LTE,724,4,34572,73007626,-24.9833,-53.3578,1000,2
LTE,724,4,34573,73008406,-25.0081,-53.5317,1000,2
LTE,724,4,34573,258729739,-25.0541,-53.6296,1000,1
LTE,724,4,34709,75533070,-26.0183,-48.7444,1000,1
LTE,724,4,34755,74465665,-26.0679,-48.8598,1000,1
LTE,724,4,34755,75104779,-26.0226,-48.8578,1000,1
LTE,724,4,34758,75004430,-26.6929,-49.0421,1000,1
LTE,724,4,34760,74491669,-27.0004,-48.5975,1000,1
LTE,724,4,34760,74539587,-27.1145,-48.6099,1000,10
LTE,724,4,34760,74541838,-26.9979,-48.6474,1000,2
LTE,724,4,34760,74777089,-27.0192,-48.6102,4179,50
LTE,724,4,34760,74778889,-26.9748,-48.6366,1000,22
LTE,724,4,34760,74779973,-27.056,-48.5981,1000,4
LTE,724,4,34760,74780418,-26.9843,-48.6325,1724,50
LTE,724,4,34760,74780803,-26.9783,-48.6368,1000,8
LTE,724,4,34760,75129729,-26.992,-48.6444,1000,8
LTE,724,4,34760,75131394,-26.9977,-48.6452,1000,2
LTE,724,4,34760,75142659,-26.9986,-48.6455,1000,3
LTE,724,4,34760,75494667,-26.9952,-48.627,1000,6
LTE,724,4,34767,74457878,-26.306,-48.8624,1000,1
LTE,724,4,34768,74453269,-26.2463,-48.8779,1000,1
LTE,724,4,34768,74457111,-26.255,-48.8781,1000,1
LTE,724,4,34768,74459906,-26.1683,-48.9065,1000,2
LTE,724,4,34772,74489475,-26.4558,-48.7692,1000,1
LTE,724,4,34772,74522903,-26.8893,-48.7048,1000,1
LTE,724,4,34772,74524352,-26.9053,-48.6625,1000,1
LTE,724,4,34772,74525198,-26.8718,-48.7291,1000,1
LTE,724,4,34772,74542603,-26.6226,-48.7114,1000,1
LTE,724,4,34772,74543235,-26.6939,-48.6868,1000,1
LTE,724,4,34772,74546563,-26.8732,-48.6873,1000,1
LTE,724,4,34772,74546811,-26.889,-48.6583,1000,1
LTE,724,4,34772,75002379,-26.9976,-48.59,1000,2
LTE,724,4,34772,75128542,-26.9186,-48.6904,1000,2
LTE,724,4,34772,75131925,-26.894,-48.6951,1000,1
LTE,724,4,34772,75480841,-26.9288,-48.7045,1084,22
LTE,724,4,34772,75481867,-26.8798,-48.6709,1000,1
LTE,724,4,34772,75481977,-26.879,-48.6721,1000,1
LTE,724,4,34772,75485187,-26.175,-48.6073,1000,2
LTE,724,4,34772,75485194,-26.1794,-48.6048,1000,5
LTE,724,4,34777,74521365,-26.9802,-48.6757,1000,1
LTE,724,4,34850,75507725,-27.5759,-48.5156,1000,14
LTE,724,4,34851,258566346,-27.6478,-48.6728,1000,6
LTE,724,4,34851,258588941,-27.6572,-48.677,1000,14
LTE,724,4,34852,75509769,-27.6096,-48.5227,1000,3
LTE,724,4,34852,75512591,-27.5901,-48.5161,1000,7
LTE,724,4,34853,75497739,-27.6625,-48.5463,1000,1
LTE,724,4,34853,75511561,-27.5108,-48.5155,4233,50
LTE,724,4,34855,75629385,-28.9531,-49.5092,2010,3
LTE,724,4,34855,76178191,-28.9229,-49.5017,1000,11
LTE,724,4,34859,75532161,-28.4599,-48.9883,809,27
LTE,724,4,34859,76159106,-28.483,-49.0347,1080,19
LTE,724,4,34860,75513623,-27.4517,-48.4571,1000,6
LTE,724,4,34871,258695178,-28.8167,-49.393,3559,51
LTE,724,4,34872,75640329,-28.6301,-49.0874,1814,50
LTE,724,4,34872,76181505,-29.0032,-49.5618,1915,51
LTE,724,4,34873,75515659,-28.2708,-49.1749,1000,1
LTE,724,4,34873,75528450,-28.264,-48.7028,1000,16
LTE,724,4,34873,75528463,-28.2395,-48.7003,1000,21
LTE,724,4,34878,75563273,-27.5611,-48.6167,1000,6
LTE,724,4,34878,75563274,-27.5651,-48.616,1000,1
LTE,724,4,34878,75563785,-27.6045,-48.6332,1000,6
LTE,724,4,34878,75564566,-27.6274,-48.6559,1000,1
LTE,724,4,34878,75567373,-27.5464,-48.6198,1000,5
LTE,724,4,34878,76169739,-27.4875,-48.6795,1000,1
LTE,724,4,34878,76169751,-27.487,-48.6771,1000,1
LTE,724,4,34878,76181262,-27.4766,-48.6413,1000,11
LTE,724,4,34878,76181263,-27.4573,-48.6371,1686,16
LTE,724,4,34912,258708495,-27.2067,-52.562,1000,9
LTE,724,4,34971,76554369,-27.1725,-51.4978,1000,1
LTE,724,4,34971,77575131,-27.23,-52.0228,1000,1
LTE,724,4,34971,77583308,-27.2315,-52.031,1000,1
LTE,724,4,34977,76559629,-26.9157,-52.4811,6010,50
LTE,724,4,35104,85643021,-29.6944,-50.1617,1000,1
LTE,724,4,35150,85669903,-29.9878,-51.259,1000,11
LTE,724,4,35150,85673226,-29.986,-51.1777,1000,1
LTE,724,4,35152,85622795,-29.9545,-51.0025,1000,10
LTE,724,4,35152,85623298,-29.9429,-50.9113,1000,21
LTE,724,4,35152,85623817,-29.9508,-51.0047,2941,7
LTE,724,4,35152,85626633,-29.8934,-51.1725,1000,1
LTE,724,4,35152,85678465,-29.8943,-51.1689,1000,1
LTE,724,4,35152,85706114,-29.8937,-51.1665,1000,1
LTE,724,4,35152,85752707,-29.8872,-51.0774,1000,1
LTE,724,4,35166,257818627,-29.967,-51.1506,5118,23
LTE,724,4,35173,84977929,-30.0322,-51.3433,5922,30
LTE,724,4,35173,84977933,-29.9853,-51.2479,1000,6
LTE,724,4,35174,217881353,-29.3065,-49.7783,5453,37
LTE,724,4,35178,85757571,-30.1068,-51.6934,1000,2
LTE,724,4,35373,258749954,-32.1248,-52.1103,1000,1
LTE,724,4,35501,89203330,-29.897,-56.7142,5005,11
LTE,724,4,35550,89209217,-30.34,-53.8672,1000,6
LTE,724,4,35550,89209218,-30.3622,-53.8161,1000,11
LTE,724,4,35554,89166346,-28.3903,-53.9071,1000,1
LTE,724,4,35556,89213450,-28.3371,-53.5211,1000,1
LTE,724,4,35558,89866765,-30.344,-53.8358,1000,6
LTE,724,4,36173,31605891,-15.9862,-47.9878,1000,1
LTE,724,4,36173,101796738,-16.2593,-47.8938,1809,32
LTE,724,4,36173,101796739,-16.2399,-47.9101,1000,14
LTE,724,4,36173,101818499,-16.11,-47.9713,2006,22
LTE,724,4,36173,101974793,-16.2024,-47.9208,1036,21
LTE,724,4,36173,101987841,-16.146,-47.9518,11449,15
LTE,724,4,36175,101818123,-15.79,-47.8574,1000,16
LTE,724,4,36175,102054925,-15.7707,-47.8819,1000,2
LTE,724,4,36175,102078479,-15.8133,-47.8962,1000,15
LTE,724,4,36175,102178575,-15.7967,-47.8646,1000,7
LTE,724,4,36175,102447066,-15.8023,-47.8951,1000,10
LTE,724,4,36175,102447297,-15.7937,-47.8819,1000,4
LTE,724,4,36175,102447558,-15.7973,-47.8839,1000,3
LTE,724,4,36175,102448445,-15.7992,-47.8788,1000,8
LTE,724,4,36175,102449028,-15.8003,-47.8852,6150,11
LTE,724,4,36175,102481419,-15.798,-47.8799,1000,9
LTE,724,4,36175,102487242,-15.7909,-47.8868,1000,3
LTE,724,4,36175,102504065,-15.8084,-47.8913,1000,12
LTE,724,4,36175,102574849,-15.8224,-47.9072,1000,4
LTE,724,4,36176,101795588,-15.8139,-48.0552,2243,22
LTE,724,4,36176,101796363,-15.7893,-48.1473,1201,48
LTE,724,4,36176,101797898,-15.7968,-48.1919,1000,3
LTE,724,4,36176,101998601,-15.7979,-48.0731,3426,34
LTE,724,4,36176,102002187,-15.7614,-48.2386,1000,2
LTE,724,4,36176,102123534,-15.805,-48.1509,1000,1
LTE,724,4,36176,102178050,-15.8103,-48.0733,1000,1
LTE,724,4,36176,102462222,-15.795,-48.1982,1000,4
LTE,724,4,36176,102469644,-15.8085,-48.0584,661,26
LTE,724,4,36176,102485783,-15.7542,-48.6192,12543,15
LTE,724,4,36176,102491358,-15.797,-48.1919,1000,8
LTE,724,4,36176,102517514,-15.8211,-48.095,1000,9
LTE,724,4,36176,102531606,-15.7943,-48.0614,1000,5
LTE,724,4,36176,102574466,-15.8355,-48.0343,1000,18
LTE,724,4,36176,102584330,-15.796,-48.1956,1000,14
LTE,724,4,36176,102587658,-15.8003,-48.1081,1000,12
LTE,724,4,36176,260150793,-15.7455,-48.3173,2587,50
LTE,724,4,36176,260150794,-15.7548,-48.3365,1162,23
LTE,724,4,36176,260151417,-15.7672,-48.2302,1000,13
LTE,724,4,36176,260162317,-15.7357,-48.282,1000,4
LTE,724,4,36176,260163036,-15.7453,-48.2664,1000,6
LTE,724,4,36177,101804161,-15.7986,-48.1872,1000,17
LTE,724,4,36177,260165130,-16.7664,-47.6161,1515,21
LTE,724,4,36178,101783054,-15.8079,-47.9618,1000,1
LTE,724,4,36178,101822338,-15.8083,-47.988,1000,1
LTE,724,4,36178,101824449,-15.8103,-47.9822,1441,16
LTE,724,4,36178,101824467,-15.8097,-47.9906,1000,8
LTE,724,4,36178,101824469,-15.7996,-47.8794,1000,1
LTE,724,4,36178,101825803,-15.8218,-47.9248,1000,3
LTE,724,4,36178,101829131,-15.8154,-48.0075,1000,5
LTE,724,4,36178,101838210,-15.81,-47.9489,1000,1
LTE,724,4,36178,101985795,-15.8104,-47.9831,776,26
LTE,724,4,36178,101986059,-15.8074,-47.9879,1000,8
LTE,724,4,36178,101987338,-15.8811,-47.9594,13513,18
LTE,724,4,36178,101987458,-15.882,-47.962,13322,14
LTE,724,4,36178,102018059,-15.7922,-47.9546,1000,6
LTE,724,4,36178,102045454,-15.8277,-47.9274,1000,3
LTE,724,4,36178,102075669,-15.8125,-47.911,1000,4
LTE,724,4,36178,102075749,-15.8113,-47.92,1174,36
LTE,724,4,36178,102077709,-15.8213,-47.9185,1000,10
LTE,724,4,36178,102128911,-15.8117,-47.9798,1000,17
LTE,724,4,36178,102427149,-15.8499,-47.9302,7802,21
LTE,724,4,36178,102438591,-15.8117,-47.9895,1000,6
LTE,724,4,36178,102478947,-15.8261,-48.0227,1637,23
LTE,724,4,36178,102479039,-15.8363,-48.0329,1000,1
LTE,724,4,36178,102508675,-15.8234,-47.9799,1000,14
LTE,724,4,36178,102509577,-15.8094,-47.9293,586,26
LTE,724,4,36178,102512001,-15.8673,-47.967,4951,23
LTE,724,4,36178,102515211,-15.8394,-48.0066,1000,6
LTE,724,4,36178,102515841,-15.8148,-47.9119,1000,11
LTE,724,4,36178,102529409,-15.7984,-47.922,1000,11
LTE,724,4,36178,102529801,-15.8143,-48.0046,1000,4
LTE,724,4,36178,102585987,-15.7622,-48.2311,12140,27
LTE,724,4,36178,102596362,-15.8611,-47.9372,1000,3
LTE,724,4,36178,102599177,-15.8102,-47.9232,1000,14
LTE,724,4,36200,102761857,-15.0009,-48.9053,2519,46
LTE,724,4,36200,102985090,-16.3555,-48.919,1000,1
LTE,724,4,36200,103091672,-16.2938,-48.9376,1000,1
LTE,724,4,36200,103296015,-14.8048,-49.2879,1000,1
LTE,724,4,36200,103299202,-13.3213,-49.1185,1000,1
LTE,724,4,36202,260169149,-16.013,-49.7926,1000,1
LTE,724,4,36205,102777865,-15.9084,-49.6078,1000,1
LTE,724,4,36205,260168193,-16.5605,-49.3903,1000,1
LTE,724,4,36208,256388875,-16.3931,-49.2242,1000,1
LTE,724,4,36208,256404993,-16.4031,-49.2206,1000,1
LTE,724,4,36208,256405004,-16.4133,-49.2176,1000,1
LTE,724,4,36211,256307764,-15.205,-49.5467,3900,51
LTE,724,4,36211,256307765,-15.226,-49.5529,2247,50
LTE,724,4,36213,103295499,-14.1636,-49.1237,1000,1
LTE,724,4,36213,103302159,-14.4076,-49.1571,1000,1
LTE,724,4,36214,103292938,-16.228,-49.0121,1000,1
LTE,724,4,36214,103293058,-16.2537,-48.9929,1000,1
LTE,724,4,36214,103301251,-13.5642,-49.0604,1000,1
LTE,724,4,36214,103302667,-14.6488,-49.18,1000,1
LTE,724,4,36214,103302670,-14.7511,-49.1431,1000,1
LTE,724,4,36214,103351823,-16.2835,-48.9417,1000,1
LTE,724,4,36264,102961423,-16.1198,-48.4022,1000,1
LTE,724,4,36265,103289104,-15.2855,-49.056,6223,51
LTE,724,4,36266,103075850,-16.0892,-48.5079,1000,1
LTE,724,4,36269,103285257,-16.9605,-49.2251,1000,1
LTE,724,4,36269,103285259,-16.9559,-49.2424,1000,1
LTE,724,4,36269,103285263,-16.9643,-49.2358,1000,1
LTE,724,4,36270,102809099,-16.733,-49.2421,1000,1
LTE,724,4,36270,102836489,-16.5975,-49.2054,1000,1
LTE,724,4,36270,102836609,-16.5979,-49.2054,1000,1
LTE,724,4,36270,103440259,-16.6866,-49.2345,1000,2
LTE,724,4,36272,102816257,-16.6928,-49.2728,1000,1
LTE,724,4,36273,102777465,-16.7073,-49.3449,1000,1
LTE,724,4,36273,102810633,-16.7078,-49.3455,1000,1
LTE,724,4,36273,102813194,-16.6573,-49.2517,1000,1
LTE,724,4,36273,102850569,-16.6966,-49.3273,1000,1
LTE,724,4,36273,102992906,-16.675,-49.2962,1000,1
LTE,724,4,36273,103050883,-16.7427,-49.3029,1000,10
LTE,724,4,36273,103077702,-16.6459,-49.3183,1000,1
LTE,724,4,36273,103417353,-16.7692,-49.3358,1000,1
LTE,724,4,36274,102772490,-15.1203,-48.9303,1189,21
LTE,724,4,36274,102772609,-15.0795,-48.9128,5418,6
LTE,724,4,36274,102780426,-15.7627,-49.6321,1000,1
LTE,724,4,36274,102863371,-15.8366,-48.9098,1000,1
LTE,724,4,36274,103057666,-15.0762,-48.9453,1000,3
LTE,724,4,36274,103057673,-15.0867,-48.9085,9395,46
LTE,724,4,36274,103057678,-15.0761,-48.9453,1000,6
LTE,724,4,36274,103057794,-15.0761,-48.9444,1000,19
LTE,724,4,36274,103057795,-15.0732,-48.9438,1000,19
LTE,724,4,36274,103104778,-15.3079,-49.1051,930,29
LTE,724,4,36274,103106826,-15.3134,-49.5895,890,48
LTE,724,4,36274,103249942,-15.2971,-49.4254,1000,1
LTE,724,4,36274,103285513,-15.3185,-49.1135,1000,1
LTE,724,4,36274,103293454,-14.9909,-48.9157,3059,16
LTE,724,4,36275,102786148,-16.8346,-49.2275,1000,1
LTE,724,4,36275,102846219,-16.7711,-49.3555,1000,7
LTE,724,4,36275,103051018,-16.7707,-49.3565,1000,7
LTE,724,4,36275,103063297,-16.7814,-49.2388,1000,1
LTE,724,4,36277,102807770,-16.3313,-48.9609,1000,1
LTE,724,4,36277,102974221,-16.503,-49.0167,1000,24
LTE,724,4,36277,102974222,-16.5097,-49.0214,1000,6
LTE,724,4,36277,103353474,-16.4397,-49.0195,1000,1
LTE,724,4,36277,103355650,-16.4059,-48.9295,1000,1
LTE,724,4,36277,103355779,-16.3993,-48.9257,1000,1
LTE,724,4,36277,103357698,-16.4094,-48.9392,1000,1
LTE,724,4,36300,103824398,-11.6687,-49.0426,1000,1
LTE,724,4,36300,103825931,-11.7382,-49.0857,1000,1
LTE,724,4,36300,104298505,-11.719,-49.0816,1000,1
LTE,724,4,36322,104309514,-7.2779,-48.253,1000,1
LTE,724,4,36322,104309635,-7.2761,-48.2691,1000,1
LTE,724,4,36350,103954958,-9.0809,-48.5243,1000,1
LTE,724,4,36350,104270653,-10.7051,-48.4097,1000,1
LTE,724,4,36350,104270803,-10.7051,-48.4096,1000,1
LTE,724,4,36350,104277249,-10.2402,-48.3284,1000,1
LTE,724,4,36350,104290761,-10.352,-48.2906,1000,1
LTE,724,4,36350,104320521,-10.1872,-48.3568,1000,1
LTE,724,4,36350,104326154,-10.1831,-48.8819,1000,1
LTE,724,4,36350,104326666,-10.275,-48.3222,1000,2
LTE,724,4,36350,104333186,-10.2344,-48.3154,1000,2
LTE,724,4,36350,104333442,-10.2448,-48.316,1000,1
LTE,724,4,36350,104333443,-10.2424,-48.3252,1000,1
LTE,724,4,36350,104475267,-10.7032,-48.4125,1000,1
LTE,724,4,36363,104296471,-8.3933,-48.4864,1000,1
LTE,724,4,36363,104311305,-7.6272,-48.4259,1000,1
LTE,724,4,36403,105714959,-18.6118,-52.9675,1000,1
LTE,724,4,36451,105077891,-17.9157,-51.7303,1000,1
LTE,724,4,36724,108640271,-18.336,-53.0763,1000,1
LTE,724,4,36724,108640527,-18.4075,-53.0814,1000,1
LTE,724,4,36726,108442123,-18.79,-52.6329,1000,1
LTE,724,4,40554,138362637,-27.4561,-52.8876,1000,4
LTE,724,4,42061,156674572,-15.836,-48.0322,1000,2
LTE,724,4,51562,103249943,-15.3165,-49.4345,1000,6
LTE,724,4,53551,179461685,-30.2999,-53.1506,1000,14
LTE,724,4,54261,25614093,-15.238,-48.6968,4337,13
LTE,724,4,54261,25685813,-15.7455,-48.3551,1000,7
NR,724,4,34767,74454543,-26.3328,-48.8364,1000,5
NR,724,4,34767,74454649,-26.3342,-48.8305,1000,8
NR,724,4,34767,258614401,-26.3347,-48.8681,6657,49
NR,724,4,34767,258614403,-26.3378,-48.8718,1000,4
NR,724,4,34768,74458627,-26.3313,-48.8576,1000,5
UMTS,724,4,50149,32258799,-27.0929,-52.6345,1000,7
UMTS,724,4,50242,27387315,-25.3887,-52.4141,1000,1
UMTS,724,4,50242,27713255,-25.4563,-51.9431,1998,5
UMTS,724,4,50245,29179413,-25.3498,-54.2402,1000,1
UMTS,724,4,50245,29201363,-25.3796,-54.2822,5613,5
UMTS,724,4,50442,27374679,-25.3756,-52.2318,1000,1
UMTS,724,4,50442,27832287,-25.4275,-50.1302,1000,1
UMTS,724,4,50442,262941565,-25.4739,-50.1026,1000,1
UMTS,724,4,50448,31762407,-27.3742,-48.724,1000,1
UMTS,724,4,50847,31021053,-26.9618,-48.6335,4850,44
UMTS,724,4,50847,31021069,-27.0022,-48.6239,2541,13
UMTS,724,4,50847,31021710,-27.0265,-48.6064,1000,1
UMTS,724,4,50847,31042465,-27.1352,-48.597,4502,50
UMTS,724,4,50851,33985513,-30.2192,-52.5966,9079,51
UMTS,724,4,50854,33967705,-28.2339,-52.4378,7169,50
UMTS,724,4,51241,262960488,-25.4678,-49.2519,3053,16
UMTS,724,4,51661,138966422,-15.7865,-48.2281,1000,19
UMTS,724,4,52246,27173249,-26.3078,-52.8221,1000,10
UMTS,724,4,52246,27173250,-26.2325,-52.829,3213,26
UMTS,724,4,54044,29113709,-24.0827,-54.2533,1000,1
UMTS,724,4,54045,29189416,-25.3354,-54.2063,1000,1
UMTS,724,4,54045,29763830,-25.5333,-54.5768,2979,25
UMTS,724,4,54045,29769325,-25.5447,-54.579,1000,5
UMTS,724,4,54045,29769329,-25.5446,-54.5797,1228,7
UMTS,724,4,54045,262940797,-25.5143,-54.5652,1000,6
UMTS,724,4,54045,262940798,-25.5173,-54.5752,1000,2
UMTS,724,4,54045,262940827,-25.5415,-54.5281,1000,16
UMTS,724,4,54045,262940828,-25.5532,-54.5335,1017,19
UMTS,724,4,54045,262940848,-25.5066,-54.5176,3295,10
UMTS,724,4,54045,262940859,-25.5276,-54.5684,1000,2
UMTS,724,4,54045,262940918,-25.5322,-54.5753,1000,6
UMTS,724,4,54045,262946418,-25.5482,-54.585,1000,1
UMTS,724,4,54045,262946689,-25.5668,-54.5579,1000,5
UMTS,724,4,54045,262977118,-25.3881,-54.2973,1000,1
UMTS,724,4,54045,262988637,-25.55,-54.5598,1000,3
UMTS,724,4,54162,40948507,-15.3526,-49.4809,1000,6
UMTS,724,4,54245,29207123,-25.2669,-54.0416,8168,7
UMTS,724,4,54245,29209861,-25.308,-54.1408,1000,1
UMTS,724,4,54245,29210002,-25.1422,-53.8371,2151,6
UMTS,724,4,54245,29815067,-25.3226,-54.1687,2187,7
UMTS,724,4,54262,138967643,-16.3279,-48.9159,1000,1
UMTS,724,4,56047,31217157,-26.1127,-49.8041,2943,27
UMTS,724,4,57041,27351747,-25.5636,-49.1642,8068,50
UMTS,724,4,57041,27351749,-25.5658,-49.1669,4759,50
UMTS,724,4,57151,33912337,-29.882,-50.4494,5116,33
UMTS,724,4,58449,32285834,-26.9899,-51.7928,1000,1
UMTS,724,4,59041,27480625,-25.1925,-48.8855,8203,18
UMTS,724,4,59041,27480630,-25.2112,-48.8979,15167,38
UMTS,724,4,59064,40949677,-17.6241,-49.1825,1000,1
UMTS,724,4,59141,262860862,-25.8536,-48.9912,2492,50
UMTS,724,4,64045,262940897,-25.5094,-54.599,1000,4
UMTS,724,4,64045,262940939,-25.5086,-54.5944,1000,6
UMTS,724,4,64045,262940968,-25.5884,-54.5803,1000,5
UMTS,724,4,64045,262941007,-25.5175,-54.5827,1000,5
UMTS,724,4,64045,262946017,-25.5415,-54.5806,1000,20
GSM,724,5,0,21,-21.0467,-49.7074,8210,22
GSM,724,5,0,31,-21.0684,-49.7457,1000,3
GSM,724,5,137,20239,-19.7224,-45.9313,1000,1
GSM,724,5,519,22264,-22.8176,-46.9864,1000,17
GSM,724,5,519,25511,-22.8302,-46.9971,661,50
GSM,724,5,519,30611,-22.8191,-46.9903,795,50
GSM,724,5,522,20314,-21.2028,-41.4647,1000,1
GSM,724,5,613,20374,-24.7787,-48.1923,1000,1
GSM,724,5,613,20414,-24.5184,-47.8527,1000,1
GSM,724,5,613,20448,-24.7214,-48.0787,1000,1
GSM,724,5,613,20494,-24.0518,-47.2119,1000,21
GSM,724,5,613,20508,-24.3477,-47.6526,2871,9
GSM,724,5,618,20137,-22.0867,-51.127,958,31
GSM,724,5,733,40511,-20.1025,-42.1794,5743,13
GSM,724,5,1035,2921,-22.8391,-46.3263,5146,13
GSM,724,5,1035,17121,-22.2949,-45.6539,7112,50
GSM,724,5,1035,20086,-22.2783,-45.6882,1000,2
GSM,724,5,1035,20241,-22.7681,-46.2758,11433,30
GSM,724,5,1035,20307,-22.8265,-46.3041,9703,37
GSM,724,5,1035,21076,-21.0,-44.9662,1000,1
GSM,724,5,1035,27621,-22.4234,-45.4744,1000,2
GSM,724,5,1035,42921,-22.8288,-46.3146,1000,3
GSM,724,5,1035,47121,-22.3016,-45.6414,5329,16
GSM,724,5,1046,10177,-26.3111,-52.823,1000,9
GSM,724,5,1046,10407,-26.121,-53.0414,1316,28
GSM,724,5,1046,20423,-26.3037,-52.6515,2594,23
GSM,724,5,1046,23943,-26.0691,-53.0622,1000,3
GSM,724,5,1046,50103,-26.3914,-52.4083,1085,13
GSM,724,5,1113,22482,-23.9021,-46.3057,1000,2
GSM,724,5,1216,21402,-21.4442,-48.6439,2331,10
GSM,724,5,1241,2310,-25.4603,-49.3091,1000,5
GSM,724,5,1241,3510,-25.4749,-49.318,1000,2
GSM,724,5,1241,13010,-25.47,-49.2812,929,27
GSM,724,5,1241,23404,-25.4455,-49.29,1000,3
GSM,724,5,1312,20156,-23.2125,-45.9077,1000,1
GSM,724,5,1415,20478,-25.0589,-48.5593,1000,3
GSM,724,5,1415,40104,-23.0732,-48.1821,1000,2
GSM,724,5,1516,20075,-21.6597,-49.2988,1000,4
GSM,724,5,1541,414,-25.5593,-48.6505,1000,9
GSM,724,5,1541,11222,-25.5594,-49.1438,2273,4
GSM,724,5,1541,20322,-25.5061,-49.1241,1000,1
GSM,724,5,1545,20045,-25.4268,-54.3638,1000,1
GSM,724,5,1545,20089,-25.4121,-54.3387,1000,1
GSM,724,5,1547,20348,-26.9253,-48.696,1000,1
GSM,724,5,1549,804,-27.1084,-52.6078,1000,16
GSM,724,5,1549,20604,-27.1081,-52.6124,2865,22
GSM,724,5,1549,20804,-27.1007,-52.623,2272,25
GSM,724,5,2064,40763,-17.9843,-47.7988,7284,50
GSM,724,5,2131,20594,-19.92,-44.0583,1000,1
GSM,724,5,2254,20078,-28.4017,-52.2339,1000,2
GSM,724,5,2819,24204,-22.5997,-47.3642,1000,1
GSM,724,5,3162,295,-16.6345,-49.192,1000,1
GSM,724,5,9449,132,-26.5522,-52.3131,1000,15
GSM,724,5,9449,20265,-27.1108,-52.6158,964,33
GSM,724,5,9449,20412,-27.071,-52.6414,698,25
GSM,724,5,10041,20285,-25.4538,-49.3024,500,25
GSM,724,5,13784,30117,-5.8481,-35.3613,1000,8
GSM,724,5,13985,20670,-3.6287,-38.6747,1000,3
GSM,724,5,13985,22609,-3.6327,-38.6543,1000,7
GSM,724,5,19079,208,-11.0677,-37.3714,1000,1
GSM,724,5,19135,6221,-22.3093,-45.9053,5523,25
GSM,724,5,19135,17921,-22.2519,-45.822,8099,27
GSM,724,5,19135,25021,-22.2379,-45.8637,1000,2
GSM,724,5,19135,25822,-21.5856,-45.4696,1000,1
GSM,724,5,19135,36121,-22.2692,-45.8921,1000,5
GSM,724,5,19854,20113,-29.0915,-51.6717,4669,21
GSM,724,5,19949,4013,-26.8498,-52.4067,1000,10
GSM,724,5,20022,20456,-22.9322,-42.5513,1000,4
GSM,724,5,21024,20260,-22.0453,-42.9962,1000,1
GSM,724,5,24938,20153,-18.1642,-44.3117,1000,1
GSM,724,5,30594,0,-6.1196,-49.8629,1000,1
LTE,724,5,31401,21000973,-22.2374,-48.5372,1000,6
LTE,724,5,31401,21437453,-23.0714,-48.2458,1038,14
LTE,724,5,31452,21453581,-22.2431,-49.5736,1000,6
LTE,724,5,31605,230928691,-21.7955,-48.2774,1000,2
LTE,724,5,31605,258314773,-21.6964,-48.2259,1000,4
LTE,724,5,31605,258314775,-21.9308,-48.3281,1000,5
LTE,724,5,31605,258314854,-21.7821,-48.1925,1000,2
LTE,724,5,31605,258315543,-21.9311,-48.3283,1000,4
LTE,724,5,31613,23954701,-21.5506,-48.4897,1000,6
LTE,724,5,31697,19154435,-21.7556,-48.12,1000,3
LTE,724,5,31697,23932941,-21.6254,-49.2256,1000,6
LTE,724,5,31899,25177614,-22.1115,-51.1601,1000,8
LTE,724,5,36176,260163843,-15.7765,-48.521,1000,6
LTE,724,5,36178,102436564,-15.8361,-48.0327,1000,2
LTE,724,5,36213,103293710,-15.7686,-48.4817,9814,50
LTE,724,5,36214,103293967,-15.5353,-48.6233,1000,7
LTE,724,5,36274,102971150,-15.4096,-49.1395,1000,6
LTE,724,5,36274,103057793,-15.0808,-48.9388,1000,10
LTE,724,5,40032,81945118,-21.7111,-43.4176,1000,1
LTE,724,5,40033,84583196,-17.6007,-41.4923,1000,1
LTE,724,5,40034,87629316,-18.6681,-48.1726,1000,1
LTE,724,5,40035,89605148,-22.771,-46.2005,1000,1
LTE,724,5,40035,89614859,-22.8354,-46.3396,1000,1
LTE,724,5,40035,89672734,-22.7549,-46.1437,1000,1
LTE,724,5,40035,89725704,-22.8271,-46.322,1000,1
LTE,724,5,40037,94766089,-20.0745,-44.575,1000,2
LTE,724,5,40041,104973570,-25.4255,-49.2724,1823,47
LTE,724,5,40041,104976896,-25.4328,-49.2555,1519,23
LTE,724,5,40041,104978694,-25.4472,-49.2574,1000,1
LTE,724,5,40041,104981277,-25.4455,-49.2839,1000,1
LTE,724,5,40041,104993792,-25.2361,-48.9075,1000,1
LTE,724,5,40041,105137693,-25.4268,-49.2632,1000,3
LTE,724,5,40045,115207173,-25.0113,-53.5343,1000,1
LTE,724,5,40045,115207176,-24.999,-53.5205,1000,1
LTE,724,5,40047,120343949,-26.037,-48.8606,1197,2
LTE,724,5,40047,120361517,-26.2934,-48.8512,1000,1
LTE,724,5,40047,120361756,-26.3289,-48.8711,1000,1
LTE,724,5,40047,120464669,-26.2534,-48.8722,1000,1
LTE,724,5,40047,120524804,-26.1473,-48.9085,1000,1
LTE,724,5,40047,120571906,-26.2629,-48.819,1000,1
LTE,724,5,40047,235782916,-26.4889,-48.7307,12424,40
LTE,724,5,40085,217653274,-3.7694,-38.5428,1000,3
LTE,724,5,40085,217680393,-3.7579,-38.4911,1000,1
LTE,724,5,40085,218031384,-3.7668,-38.5597,1000,2
LTE,724,5,40121,54203422,-22.9093,-43.1946,1000,4
LTE,724,5,40121,54923265,-22.9134,-43.2101,1000,9
LTE,724,5,40127,69120265,-20.165,-40.2354,1000,1
LTE,724,5,40127,69124895,-20.3665,-40.4323,1000,1
LTE,724,5,40127,69137152,-20.1782,-40.2595,1000,1
LTE,724,5,40127,69138688,-20.309,-40.3898,1000,1
LTE,724,5,40127,69147654,-20.2198,-40.2546,1000,1
LTE,724,5,40127,69148676,-20.2063,-40.2656,1000,1
LTE,724,5,40127,69148702,-20.2072,-40.276,1000,1
LTE,724,5,40127,69149725,-20.2228,-40.2606,1000,1
LTE,724,5,40127,69149734,-20.2219,-40.2591,1000,1
LTE,724,5,40127,69149822,-20.2236,-40.2616,1000,1
LTE,724,5,40127,69157650,-20.3111,-40.2947,1000,1
LTE,724,5,40127,69159196,-20.3184,-40.3422,1000,1
LTE,724,5,40127,69159941,-20.3158,-40.2944,1000,1
LTE,724,5,40127,69169669,-20.3534,-40.3337,1000,1
LTE,724,5,40127,69170437,-20.3387,-40.3258,1000,1
LTE,724,5,40127,69177613,-20.33,-40.3314,1000,1
LTE,724,5,40127,69177617,-20.3292,-40.3309,1000,1
LTE,724,5,40127,69178894,-20.1636,-40.2563,1000,1
LTE,724,5,40127,69178908,-20.1572,-40.2533,1000,1
LTE,724,5,40127,69182749,-20.2304,-40.2799,1000,1
LTE,724,5,40127,69194269,-20.2202,-40.2696,1000,1
LTE,724,5,40127,69230620,-20.2501,-40.286,1000,1
LTE,724,5,40134,87072284,-18.9041,-48.28,1000,1
LTE,724,5,40134,87173150,-18.9185,-48.1847,1000,1
LTE,724,5,40134,87178617,-18.9049,-48.3276,1000,1
LTE,724,5,40134,87179898,-18.9536,-48.221,1000,1
LTE,724,5,40134,87182602,-18.9262,-48.2221,1000,1
LTE,724,5,40135,89604869,-21.527,-45.7808,1000,1
LTE,724,5,40135,89631493,-21.0934,-45.0761,1000,1
LTE,724,5,40141,105120006,-25.4675,-49.2145,1000,9
LTE,724,5,40145,115211017,-25.5144,-54.5406,1000,1
LTE,724,5,40145,115212040,-25.5236,-54.5768,1000,1
LTE,724,5,40145,115212298,-25.5241,-54.5622,1000,1
LTE,724,5,40145,115214344,-25.5673,-54.5816,1000,1
LTE,724,5,40145,115228700,-25.5984,-54.4919,1000,1
LTE,724,5,40145,115232521,-25.5072,-54.5854,1000,1
LTE,724,5,40145,115365389,-25.457,-54.4278,2318,6
LTE,724,5,40147,120345885,-26.9107,-48.6999,1000,1
LTE,724,5,40147,120347398,-26.9497,-49.306,1000,1
LTE,724,5,40147,120420618,-26.836,-48.7086,1000,1
LTE,724,5,40147,120457616,-26.8612,-49.0648,1000,1
LTE,724,5,40147,120559149,-26.8377,-49.0916,1000,1
LTE,724,5,40148,122915589,-27.695,-48.6581,1000,1
LTE,724,5,40148,122947588,-27.5905,-48.6066,1000,1
LTE,724,5,40148,123014174,-27.4933,-48.7142,1000,1
LTE,724,5,40177,197229945,-14.8513,-40.8049,1000,1
LTE,724,5,40183,212529922,-7.1188,-34.891,1141,17
LTE,724,5,40183,212572418,-7.1241,-34.8834,1000,1
LTE,724,5,40185,217630238,-3.7474,-38.4907,1000,1
LTE,724,5,40214,35844613,-22.282,-48.5707,2341,50
LTE,724,5,40214,35846414,-23.2562,-48.1966,2722,48
LTE,724,5,40214,35852033,-22.3105,-49.1035,8208,50
LTE,724,5,40214,35853834,-22.2878,-49.0794,1010,29
LTE,724,5,40214,35858206,-22.399,-48.6634,19208,17
LTE,724,5,40214,35858463,-22.437,-49.1386,1000,6
LTE,724,5,40214,35858974,-22.3188,-49.0539,1000,6
LTE,724,5,40214,35863823,-22.3512,-49.031,1000,6
LTE,724,5,40214,35867658,-22.9862,-48.4959,1041,36
LTE,724,5,40214,35875073,-22.3041,-48.5996,1774,26
LTE,724,5,40214,35878659,-22.9076,-48.4561,3158,28
LTE,724,5,40214,35880705,-22.215,-49.9415,6998,50
LTE,724,5,40214,35880734,-22.2369,-49.6457,1000,6
LTE,724,5,40214,35881246,-22.1634,-49.9624,1000,21
LTE,724,5,40214,35881475,-22.3908,-49.0781,1081,31
LTE,724,5,40214,35881486,-22.4168,-49.1101,793,30
LTE,724,5,40214,35884301,-22.1503,-50.0978,1000,24
LTE,724,5,40214,35888641,-22.5899,-48.7868,2503,27
LTE,724,5,40214,35890462,-22.2197,-49.966,1000,11
LTE,724,5,40214,35893250,-22.7628,-48.5677,1637,46
LTE,724,5,40214,35894023,-22.7884,-48.5505,927,38
LTE,724,5,40214,35894542,-22.8878,-49.953,2576,50
LTE,724,5,40214,35901709,-22.3422,-48.8278,1431,50
LTE,724,5,40214,35901710,-22.3391,-48.7922,21639,43
LTE,724,5,40214,35907359,-22.3506,-48.7673,1396,9
LTE,724,5,40214,35908889,-22.6842,-49.4189,3117,50
LTE,724,5,40214,35909390,-21.9391,-49.6956,1000,6
LTE,724,5,40214,35910155,-22.2077,-48.5152,1000,6
LTE,724,5,40214,35912462,-22.1212,-50.1482,2191,50
LTE,724,5,40214,35912463,-22.1649,-50.1804,21971,26
LTE,724,5,40214,35917578,-22.9312,-49.8662,1000,11
LTE,724,5,40214,35919902,-22.3208,-50.2607,1342,21
LTE,724,5,40214,35922179,-22.4359,-49.1362,1000,6
LTE,724,5,40214,35923459,-22.8778,-48.4757,1116,23
LTE,724,5,40214,35924737,-22.93,-49.8696,4165,50
LTE,724,5,40214,35943437,-21.9102,-50.5815,1682,22
LTE,724,5,40214,35943950,-23.0992,-48.5044,1676,29
LTE,724,5,40214,35944194,-22.3695,-49.0501,1230,36
LTE,724,5,40214,36030985,-22.2513,-49.9872,740,26
LTE,724,5,40214,36036121,-22.8478,-49.5729,2727,36
LTE,724,5,40214,36036634,-22.9854,-49.9049,1000,1
LTE,724,5,40214,36042265,-22.3501,-49.0303,1315,46
LTE,724,5,40214,36137999,-22.2683,-50.1225,15561,18
LTE,724,5,40214,36243203,-22.3102,-50.0557,18805,23
LTE,724,5,40214,36243969,-23.1021,-48.5065,1000,5
LTE,724,5,40214,36292874,-22.3374,-48.8824,500,27
LTE,724,5,40214,36293134,-22.1089,-49.924,1680,16
LTE,724,5,40214,36293642,-22.8495,-48.5018,2005,45
LTE,724,5,40214,36318730,-22.0573,-50.3514,2970,50
LTE,724,5,40214,36335389,-21.9567,-49.7024,10287,33
LTE,724,5,40214,36360201,-22.7882,-50.1084,909,25
LTE,724,5,40214,36360205,-22.8032,-50.0788,1414,50
LTE,724,5,40214,36629002,-22.4029,-49.0938,3771,45
LTE,724,5,40214,36629005,-22.4087,-49.135,1000,5
LTE,724,5,40214,36724746,-22.205,-48.5126,5954,50
LTE,724,5,40214,37034767,-23.1015,-48.2632,1083,48
LTE,724,5,40214,37035273,-22.449,-48.7286,5363,32
LTE,724,5,40214,37037597,-21.9374,-49.679,8607,19
LTE,724,5,40214,37038861,-22.2407,-49.5853,2658,18
LTE,724,5,40216,41004041,-21.1329,-47.9972,1000,3
LTE,724,5,40216,41021469,-21.2435,-47.7926,1000,1
LTE,724,5,40216,41027853,-21.1412,-47.7643,1000,1
LTE,724,5,40216,41046029,-21.1296,-48.0239,1000,1
LTE,724,5,40216,41059074,-21.1793,-47.7843,1000,8
LTE,724,5,40216,41098781,-21.1962,-47.765,1000,1
LTE,724,5,40216,41102851,-21.1339,-48.0002,668,25
LTE,724,5,40217,43530754,-20.8244,-49.3856,1000,4
LTE,724,5,40217,43555599,-20.2175,-50.8204,1000,1
LTE,724,5,40217,43557378,-20.8341,-49.3534,4529,44
LTE,724,5,40217,43557890,-20.8429,-49.3924,2133,30
LTE,724,5,40217,43560449,-20.8258,-49.3885,4449,50
LTE,724,5,40217,43563791,-20.7927,-49.4136,1000,1
LTE,724,5,40217,43605250,-20.841,-49.391,1163,32
LTE,724,5,40217,43608834,-20.868,-49.3156,1000,17
LTE,724,5,40217,43617549,-20.6124,-49.6408,1000,1
LTE,724,5,40217,43930895,-20.6099,-50.8118,1000,1
LTE,724,5,40228,71697693,-20.8658,-40.9294,1000,1
LTE,724,5,40228,71747585,-20.8505,-41.1293,1000,1
LTE,724,5,40232,81928718,-21.6555,-42.3626,1000,1
LTE,724,5,40232,81952521,-21.1402,-42.3807,1000,1
LTE,724,5,40232,81982237,-21.5422,-42.6567,1000,1
LTE,724,5,40232,82024476,-20.9849,-42.358,1000,1
LTE,724,5,40232,82313998,-20.7357,-42.2849,1000,1
LTE,724,5,40234,87090178,-19.779,-47.9346,1000,1
LTE,724,5,40234,87093021,-19.926,-48.3765,1000,1
LTE,724,5,40234,87104777,-19.4416,-48.0649,1000,1
LTE,724,5,40234,87129886,-19.7543,-47.9649,1000,1
LTE,724,5,40242,107527428,-25.4628,-50.6389,1000,1
LTE,724,5,40242,107529758,-25.3056,-52.5483,1000,1
LTE,724,5,40242,107652874,-25.4591,-50.6368,1000,1
LTE,724,5,40242,107654408,-25.375,-52.3902,1000,1
LTE,724,5,40242,107654429,-25.3847,-52.3965,1000,1
LTE,724,5,40245,115216901,-25.1038,-52.8753,1000,2
LTE,724,5,40245,115216905,-25.1027,-52.8758,1000,1
LTE,724,5,40245,115217156,-25.1166,-53.0099,1000,2
LTE,724,5,40245,115277062,-25.3102,-54.1424,1327,2
LTE,724,5,40245,115367468,-25.2798,-54.0891,1000,1
LTE,724,5,40248,122881028,-28.9536,-49.4953,1000,1
LTE,724,5,40248,122881541,-29.0262,-49.6006,1000,1
LTE,724,5,40254,138242818,-29.1654,-51.5164,1033,10
LTE,724,5,40254,138242846,-29.1689,-51.5146,1000,4
LTE,724,5,40254,138285571,-29.1709,-51.5093,1000,22
LTE,724,5,40254,138298371,-29.1675,-51.5174,1336,26
LTE,724,5,40254,138298398,-29.168,-51.514,1000,11
LTE,724,5,40263,161289613,-8.8351,-48.5146,1000,1
LTE,724,5,40266,169035022,-15.5236,-55.1272,1000,1
LTE,724,5,40271,181793028,-12.935,-38.3954,1000,13
LTE,724,5,40271,181812224,-12.9253,-38.3773,1000,11
LTE,724,5,40271,181812225,-12.9344,-38.3751,1000,2
LTE,724,5,40271,181818377,-12.9294,-38.3876,1000,7
LTE,724,5,40316,40963359,-21.7534,-48.1633,1000,1
LTE,724,5,40316,40963870,-21.7656,-48.1477,2450,15
LTE,724,5,40316,40964355,-21.8243,-48.1859,12319,47
LTE,724,5,40316,40964611,-21.7853,-48.2219,1259,27
LTE,724,5,40316,40964637,-21.7798,-48.1991,1946,47
LTE,724,5,40316,40964866,-21.8174,-48.1724,2810,29
LTE,724,5,40316,40965377,-21.747,-48.2691,2563,42
LTE,724,5,40316,40965386,-21.7733,-48.2379,1544,26
LTE,724,5,40316,40965390,-21.774,-48.2417,2721,30
LTE,724,5,40316,40966671,-21.2077,-48.1958,1000,16
LTE,724,5,40316,40976139,-21.3488,-48.3228,1000,6
LTE,724,5,40316,40992514,-21.9566,-47.9841,1552,49
LTE,724,5,40316,40996357,-21.2405,-48.3241,1000,1
LTE,724,5,40316,41032971,-21.9609,-47.9758,1856,17
LTE,724,5,40316,41053954,-21.9426,-47.9994,1000,24
LTE,724,5,40316,41054733,-21.7313,-48.1896,1000,4
LTE,724,5,40316,41054754,-21.7784,-48.1657,7606,17
LTE,724,5,40316,41066250,-21.6591,-48.2588,1000,5
LTE,724,5,40316,41102094,-21.6573,-48.3316,9119,34
LTE,724,5,40316,41105167,-21.8748,-48.2954,13640,24
LTE,724,5,40316,41140766,-21.3977,-48.3251,1000,12
LTE,724,5,40316,41147659,-21.7996,-48.2956,3958,15
LTE,724,5,40316,41152513,-22.0805,-48.4412,5244,29
LTE,724,5,40316,41186058,-22.0374,-47.8612,1000,6
LTE,724,5,40316,41205274,-22.0297,-48.405,8539,30
LTE,724,5,40316,41280271,-21.5709,-48.1743,1000,6
LTE,724,5,40316,41508617,-21.5465,-47.6849,1000,1
LTE,724,5,40316,41510914,-21.241,-48.2479,1570,50
LTE,724,5,40316,41871110,-21.2205,-48.075,4370,10
LTE,724,5,40316,41871115,-21.1996,-48.1624,1161,25
LTE,724,5,40316,44459521,-21.7672,-48.1725,2639,23
LTE,724,5,40317,43535363,-21.1271,-49.0292,2560,44
LTE,724,5,40317,43547407,-21.6458,-49.2748,2062,17
LTE,724,5,40317,43547427,-21.6593,-49.2985,1000,4
LTE,724,5,40317,43607424,-20.9293,-48.5079,1000,1
LTE,724,5,40317,43616522,-21.1544,-48.9936,1000,11
LTE,724,5,40317,43625731,-21.1346,-49.0412,5175,13
LTE,724,5,40317,44449287,-21.168,-48.9762,1000,13
LTE,724,5,40319,48664590,-22.8787,-47.0418,1000,14
LTE,724,5,40319,48670725,-22.8812,-47.014,1399,9
LTE,724,5,40319,48676609,-22.8638,-47.1369,1639,16
LTE,724,5,40319,48809223,-22.9906,-47.0661,1000,2
LTE,724,5,40319,48902943,-22.9029,-47.0745,1000,5
LTE,724,5,40319,48927745,-22.8951,-47.1111,1000,1
LTE,724,5,40319,48930079,-22.8519,-47.1162,1000,8
LTE,724,5,40319,48985859,-22.9407,-47.0104,1000,1
LTE,724,5,40319,48986115,-22.8535,-47.1227,1325,14
LTE,724,5,40319,49065226,-22.9512,-47.0207,1000,1
LTE,724,5,40334,87101708,-18.5154,-49.5021,1000,1
LTE,724,5,40334,87139612,-18.6319,-48.1719,1000,1
LTE,724,5,40338,97294084,-16.6914,-43.8745,1000,1
LTE,724,5,40338,97349148,-16.7205,-43.861,1000,1
LTE,724,5,40365,166886942,-13.6695,-57.8941,1000,1
LTE,724,5,40382,210043933,-9.8246,-36.5953,1000,1
LTE,724,5,40383,212487173,-7.2494,-35.8872,1000,7
LTE,724,5,40383,212488193,-7.241,-35.8999,1681,19
LTE,724,5,40383,212488200,-7.2289,-35.9041,1000,1
LTE,724,5,40383,212490012,-7.2494,-35.8873,1000,1
LTE,724,5,40383,212490574,-7.2736,-35.9246,1000,22
LTE,724,5,40383,212584202,-7.2262,-35.8685,1000,6
LTE,724,5,40419,48656903,-22.9899,-47.1094,1000,3
LTE,724,5,40419,48672001,-22.9598,-47.1238,1489,50
LTE,724,5,40419,48675619,-22.9865,-47.1133,1000,1
LTE,724,5,40419,48683009,-23.0114,-47.1445,1000,1
LTE,724,5,40419,48702465,-23.034,-47.1351,4095,33
LTE,724,5,40419,48737565,-22.9841,-47.1055,1000,1
LTE,724,5,40419,48764706,-22.961,-47.1098,1000,1
LTE,724,5,40419,48765470,-22.8436,-47.147,1000,2
LTE,724,5,40419,48767519,-22.96,-47.1354,1000,1
LTE,724,5,40419,48771329,-22.9645,-47.1209,1873,31
LTE,724,5,40419,48771615,-22.9334,-47.128,1508,21
LTE,724,5,40419,48772865,-22.8923,-47.1368,1000,1
LTE,724,5,40419,48772895,-22.9202,-47.1466,1000,1
LTE,724,5,40419,48791326,-23.0094,-47.1444,1000,1
LTE,724,5,40419,48822562,-23.0425,-47.102,1000,1
LTE,724,5,40419,48822817,-22.9722,-47.1188,1000,1
LTE,724,5,40419,48823053,-22.9082,-47.1951,1000,1
LTE,724,5,40419,49061386,-22.9853,-47.1207,1000,1
LTE,724,5,40419,49280002,-22.8309,-47.1799,2093,5
LTE,724,5,40419,49280003,-22.8254,-47.2019,1000,1
LTE,724,5,40435,89679389,-21.9679,-45.3414,1000,1
LTE,724,5,40437,94745116,-20.8196,-44.8,1000,1
LTE,724,5,40441,104999937,-25.5129,-49.3326,1128,21
LTE,724,5,40441,105004288,-25.5528,-49.2826,1000,7
LTE,724,5,40441,105123329,-25.5244,-49.3306,1254,45
LTE,724,5,40469,177153282,-8.7781,-63.8558,1000,1
LTE,724,5,40471,181784322,-12.9817,-38.4951,1000,5
LTE,724,5,40475,192017924,-12.2028,-38.9597,1000,16
LTE,724,5,40475,192018945,-12.2853,-38.9191,3794,50
LTE,724,5,40475,192045573,-12.4415,-39.2531,1000,1
LTE,724,5,40475,192061956,-12.5526,-38.6969,1000,11
LTE,724,5,40475,192524545,-12.3113,-38.884,1000,7
LTE,724,5,40475,192524802,-12.1993,-38.9695,1000,16
LTE,724,5,40485,217615642,-3.7346,-38.5644,1000,1
LTE,724,5,40485,217638417,-3.7033,-39.5719,1000,1
LTE,724,5,40485,217648384,-3.7589,-38.592,1137,9
LTE,724,5,40485,217648386,-3.7631,-38.5856,1879,36
LTE,724,5,40485,217650204,-3.7579,-38.6022,1000,1
LTE,724,5,40485,217653766,-3.7326,-38.5655,1000,3
LTE,724,5,40499,253574431,-4.2095,-44.4474,1000,1
LTE,724,5,40519,48649477,-22.6912,-47.3103,1015,9
LTE,724,5,40519,48649479,-22.7054,-47.3024,1000,6
LTE,724,5,40519,48749858,-22.8195,-47.3806,1000,1
LTE,724,5,40519,48798727,-22.8065,-47.1303,1000,1
LTE,724,5,40519,48870919,-22.4867,-47.4531,1000,3
LTE,724,5,40519,48921614,-22.4833,-47.4577,1000,1
LTE,724,5,40519,49838855,-22.5681,-47.3661,1000,3
LTE,724,5,40538,97314828,-16.1356,-42.2617,1000,1
LTE,724,5,40548,122909057,-28.5546,-49.0542,1000,1
LTE,724,5,40548,122926853,-28.5047,-49.0537,1000,1
LTE,724,5,40554,138266382,-28.5724,-51.9637,926,36
LTE,724,5,40554,138289439,-28.289,-52.3854,1418,19
LTE,724,5,40554,138291722,-28.0573,-52.6795,1000,5
LTE,724,5,40554,138312194,-28.2674,-52.4383,2490,32
LTE,724,5,40554,138362637,-27.471,-52.893,3351,18
LTE,724,5,40554,139149581,-28.9128,-51.8691,2982,33
LTE,724,5,40554,139254537,-27.3394,-52.7788,1979,34
LTE,724,5,40554,139254539,-27.3685,-52.7894,4327,45
LTE,724,5,40565,166410526,-15.5911,-56.0972,1000,2
LTE,724,5,40575,192047399,-12.5314,-39.4146,1000,1
LTE,724,5,40594,240647681,-6.0574,-49.8941,1000,11
LTE,724,5,40594,240655365,-6.1418,-49.8799,2153,3
LTE,724,5,40594,240655366,-6.149,-49.8668,1000,1
LTE,724,5,40594,240667409,-6.0521,-49.8877,1000,7
LTE,724,5,40594,240770310,-6.1179,-49.9032,1000,14
LTE,724,5,40612,30725122,-22.6714,-44.9924,1000,1
LTE,724,5,40612,30773278,-23.0573,-45.6159,1000,1
LTE,724,5,40612,30905984,-22.8106,-45.1801,1000,1
LTE,724,5,40616,41062661,-19.9743,-47.778,1000,1
LTE,724,5,40633,84522782,-18.9907,-41.9895,1000,1
LTE,724,5,40638,97293342,-16.7448,-43.8442,1000,1
LTE,724,5,40638,97294337,-16.6937,-43.8661,1000,1
LTE,724,5,40638,97294340,-16.6826,-43.8614,1000,1
LTE,724,5,40641,105007365,-25.4165,-49.3438,1000,1
LTE,724,5,40641,105008644,-25.4408,-49.3451,6767,8
LTE,724,5,40641,105009925,-25.4502,-49.2882,1000,1
LTE,724,5,40641,105010207,-25.4437,-49.2825,1000,1
LTE,724,5,40641,105010221,-25.4483,-49.2802,1000,1
LTE,724,5,40641,105010438,-25.4504,-49.2865,1000,2
LTE,724,5,40641,105010463,-25.4517,-49.2855,1000,1
LTE,724,5,40641,105011458,-25.4632,-49.3171,1000,10
LTE,724,5,40641,105015296,-25.4758,-49.3086,2473,8
LTE,724,5,40641,105015325,-25.478,-49.2945,1000,1
LTE,724,5,40641,105016585,-25.4833,-49.2745,1000,1
LTE,724,5,40641,105018882,-25.4381,-49.3062,1000,23
LTE,724,5,40641,105138433,-25.4395,-49.3435,1000,16
LTE,724,5,40648,122915845,-27.8291,-48.6153,1000,1
LTE,724,5,40648,123124509,-28.3503,-48.7392,1000,1
LTE,724,5,40663,161296649,-10.3844,-48.3068,1000,1
LTE,724,5,40663,161300046,-10.2421,-48.3273,1000,1
LTE,724,5,40663,161307145,-10.3197,-48.3165,1000,1
LTE,724,5,40663,161307405,-10.3015,-48.2975,1000,1
LTE,724,5,40663,161308701,-10.3251,-48.3061,1000,1
LTE,724,5,40663,161504257,-10.2442,-48.3155,1000,1
LTE,724,5,40679,202252804,-10.9423,-37.0572,1000,3
LTE,724,5,40679,202252809,-10.9452,-37.0615,1000,7
LTE,724,5,40679,202252829,-10.9427,-37.0556,1000,14
LTE,724,5,40679,202277901,-10.9493,-37.0732,1000,7
LTE,724,5,40679,202280712,-10.9119,-37.0647,1000,1
LTE,724,5,40679,202280745,-10.904,-37.0645,1000,1
LTE,724,5,40679,202282753,-10.9079,-37.0481,1000,9
LTE,724,5,40679,202286365,-10.9466,-37.0627,1000,1
LTE,724,5,40679,202288897,-10.872,-37.0533,1000,15
LTE,724,5,40679,202289928,-10.9447,-37.085,1000,4
LTE,724,5,40679,202292225,-10.9425,-37.0512,1000,8
LTE,724,5,40679,202292253,-10.9399,-37.0539,1000,3
LTE,724,5,40679,202294279,-10.969,-37.0705,1000,14
LTE,724,5,40679,202294303,-10.971,-37.0644,1000,1
LTE,724,5,40679,202295553,-10.9395,-37.0866,1000,2
LTE,724,5,40679,202305550,-10.9257,-37.0723,1000,3
LTE,724,5,40679,202308609,-10.9493,-37.0759,1000,3
LTE,724,5,40679,202309127,-10.9639,-37.0539,1000,2
LTE,724,5,40679,202309635,-10.9105,-37.0554,1000,3
LTE,724,5,40679,202358023,-11.3772,-37.6588,1000,1
LTE,724,5,40679,202359560,-11.479,-37.757,1000,1
LTE,724,5,40679,202446081,-10.8526,-37.0785,1000,9
LTE,724,5,40679,202446084,-10.8522,-37.0755,1000,4
LTE,724,5,40679,202522883,-10.8513,-37.0711,1000,7
LTE,724,5,40741,105042434,-25.4807,-49.1729,2464,46
LTE,724,5,40741,105047085,-25.6527,-49.1769,1000,1
LTE,724,5,40741,105152541,-25.5189,-49.1564,1000,8
LTE,724,5,40741,105175086,-25.6408,-49.1611,1000,2
LTE,724,5,40741,105175553,-25.5699,-49.1875,705,27
LTE,724,5,40763,161297664,-10.1584,-48.8858,1000,1
LTE,724,5,40763,161304589,-10.1896,-48.7137,1000,1
LTE,724,5,40763,161463947,-10.5745,-48.3759,1000,1
LTE,724,5,40763,161495325,-12.9316,-46.9405,1000,1
LTE,724,5,40767,171549954,-20.469,-54.5328,1000,1
LTE,724,5,40767,171549956,-20.4638,-54.5278,1000,1
LTE,724,5,40767,172058370,-20.4698,-54.5782,1000,1
LTE,724,5,40767,172058382,-20.4698,-54.5782,1000,1
LTE,724,5,40794,241024262,-6.4033,-49.849,1000,1
LTE,724,5,40864,163850766,-18.2565,-47.9986,1000,10
LTE,724,5,40912,30803234,-23.2563,-45.8946,1000,1
LTE,724,5,40912,30826892,-23.1185,-45.7212,1000,1
LTE,724,5,40912,30833282,-23.1783,-45.8118,1000,1
LTE,724,5,40912,30851843,-23.1083,-45.7036,1000,1
LTE,724,5,40912,30861834,-23.1425,-45.7661,1000,1
LTE,724,5,40912,30901513,-23.2687,-45.9484,1000,1
LTE,724,5,40912,30909214,-23.3228,-45.9203,1000,1
LTE,724,5,40912,31003406,-23.1259,-45.7223,1000,1
LTE,724,5,40915,38421770,-23.4691,-47.3823,1000,3
LTE,724,5,40915,38427142,-23.4961,-47.4036,1000,2
LTE,724,5,40915,38427149,-23.4759,-47.381,1000,2
LTE,724,5,40915,38462471,-23.4372,-47.3882,1000,1
LTE,724,5,40915,38471425,-23.3911,-47.35,1000,1
LTE,724,5,40915,38531866,-23.3712,-47.4643,1000,1
LTE,724,5,40915,38540673,-23.4463,-47.4282,1000,1
LTE,724,5,40919,48699149,-23.0922,-47.1884,1000,1
LTE,724,5,40919,48736517,-22.3819,-47.6126,3467,44
LTE,724,5,40919,48787201,-22.4181,-47.5552,1000,1
LTE,724,5,40919,48787207,-22.5106,-47.578,9560,14
LTE,724,5,40919,48790275,-22.3897,-47.6034,2046,39
LTE,724,5,40919,48790285,-22.3767,-47.5846,1000,1
LTE,724,5,40919,48844298,-22.6671,-47.603,1000,1
LTE,724,5,40919,48896542,-23.0293,-47.4277,4563,12
LTE,724,5,40919,48896543,-22.9821,-47.4673,1982,9
LTE,724,5,40919,48897054,-23.077,-47.1591,1000,1
LTE,724,5,40919,48900125,-22.7264,-47.5505,1000,1
LTE,724,5,40919,48900383,-22.6177,-47.5989,1612,29
LTE,724,5,40919,48927010,-22.4309,-47.569,1000,1
LTE,724,5,40919,48933383,-22.4132,-47.5818,1000,3
LTE,724,5,40919,48940289,-23.0744,-47.4036,1013,21
LTE,724,5,40919,48940297,-23.075,-47.4035,1000,4
LTE,724,5,40919,48998666,-23.1545,-47.2581,1497,16
LTE,724,5,40919,49071626,-23.0863,-47.1746,1000,2
LTE,724,5,40919,49078022,-22.406,-47.5882,1116,18
LTE,724,5,40919,49078029,-22.3976,-47.5955,1000,6
LTE,724,5,40919,49358093,-22.3623,-47.396,1000,1
LTE,724,5,40919,49937934,-22.462,-47.5307,1000,24
LTE,724,5,40919,49937954,-22.4642,-47.5341,1000,1
LTE,724,5,40941,105026052,-25.8554,-48.9547,1000,1
LTE,724,5,40941,105026053,-25.8539,-48.9636,1000,4
LTE,724,5,40948,122887938,-27.5933,-48.5685,1000,1
LTE,724,5,40962,158799646,-16.6775,-49.1132,1000,1
LTE,724,5,40964,163894302,-17.714,-49.1114,1000,1
LTE,724,5,40971,181779976,-12.9442,-38.4703,1000,1
LTE,724,5,40971,181786886,-12.9769,-38.4782,1000,20
LTE,724,5,40971,181873156,-12.9584,-38.46,1000,10
LTE,724,5,40971,181937153,-12.9843,-38.4863,1000,20
LTE,724,5,41015,38402571,-23.1373,-48.1607,22533,16
LTE,724,5,41015,38443533,-23.3355,-47.5298,1000,1
LTE,724,5,41015,38452003,-23.3347,-47.5411,1000,1
LTE,724,5,41015,38454046,-23.655,-47.2241,1000,1
LTE,724,5,41015,38538767,-23.2345,-47.5256,1000,1
LTE,724,5,41031,79491346,-19.9365,-44.0065,1000,1
LTE,724,5,41031,79491357,-19.9403,-43.9995,1000,1
LTE,724,5,41031,79574788,-19.8904,-44.0064,2065,6
LTE,724,5,41041,104965917,-25.4721,-49.6661,1000,1
LTE,724,5,41041,104995852,-25.4404,-49.5099,1000,2
LTE,724,5,41041,104996869,-25.4527,-49.4811,1000,1
LTE,724,5,41041,105048584,-25.8451,-49.081,1000,1
LTE,724,5,41041,105143070,-25.846,-49.065,1000,1
LTE,724,5,41041,105167404,-25.4559,-49.5619,1000,1
LTE,724,5,41043,110104585,-23.2963,-51.2025,1000,1
LTE,724,5,41048,122900485,-27.6566,-48.5193,1000,1
LTE,724,5,41062,158762369,-16.6682,-49.2981,1000,1
LTE,724,5,41062,158769948,-16.6414,-49.3171,1000,1
LTE,724,5,41062,158782337,-16.6533,-49.332,1000,1
LTE,724,5,41062,158786826,-16.6577,-49.3286,1000,1
LTE,724,5,41062,158926975,-16.6643,-49.3204,1000,1
LTE,724,5,41062,159321090,-16.6671,-49.3225,1000,1
LTE,724,5,41062,159321216,-16.6646,-49.3123,1000,1
LTE,724,5,41064,163907870,-17.9184,-51.7234,1000,1
LTE,724,5,41071,181791297,-12.9501,-38.4733,1000,7
LTE,724,5,41071,181914117,-12.9089,-38.4603,1000,2
LTE,724,5,41071,181914378,-12.9431,-38.4702,1000,2
LTE,724,5,41119,48685057,-21.9171,-47.4735,1000,1
LTE,724,5,41119,48717070,-22.4566,-46.9023,1000,1
LTE,724,5,41119,48855815,-21.878,-47.4794,1000,1
LTE,724,5,41119,49058571,-21.8592,-47.4911,1000,1
LTE,724,5,41119,49157151,-22.0351,-47.4307,1000,1
LTE,724,5,41131,79575296,-19.8983,-43.9612,1000,1
LTE,724,5,41133,84497669,-17.0733,-41.4843,1000,1
LTE,724,5,41133,84508174,-17.3177,-41.5232,1000,1
LTE,724,5,41149,125444364,-27.053,-52.6383,2063,9
LTE,724,5,41149,125445382,-27.1123,-52.6296,1000,6
LTE,724,5,41149,125445638,-27.0742,-52.6437,1000,3
LTE,724,5,41149,125458462,-26.8978,-52.7019,1472,22
LTE,724,5,41149,125495326,-27.1081,-52.616,1000,8
LTE,724,5,41149,125693961,-27.1367,-52.6264,1000,7
LTE,724,5,41219,48663581,-22.9324,-46.9211,2379,8
LTE,724,5,41219,48680705,-22.8649,-47.021,1000,2
LTE,724,5,41219,48756481,-23.0596,-47.0428,1889,5
LTE,724,5,41219,48758285,-22.9641,-46.9844,1000,1
LTE,724,5,41219,48759297,-22.9793,-47.0443,3443,33
LTE,724,5,41219,48797453,-22.77,-47.1012,1000,1
LTE,724,5,41219,48899358,-22.84,-47.0365,1000,1
LTE,724,5,41219,48911646,-22.6823,-46.875,1000,1
LTE,724,5,41331,79447324,-20.2386,-43.8006,1000,1
LTE,724,5,41393,238976009,-1.9064,-55.5238,1000,1
LTE,724,5,41431,79389468,-19.8023,-44.1,1000,1
LTE,724,5,41431,79449117,-20.1419,-44.3191,1000,1
LTE,724,5,41431,79485724,-19.7538,-44.1459,1000,1
LTE,724,5,41431,79541772,-20.0203,-44.0711,1000,1
LTE,724,5,41431,79601182,-20.0449,-44.262,1000,1
LTE,724,5,41431,79604234,-19.9728,-44.1959,1000,1
LTE,724,5,41431,79710238,-20.2281,-44.4013,1241,2
LTE,724,5,41431,79716381,-19.8603,-44.0669,1000,1
LTE,724,5,41431,79738397,-20.2112,-44.3916,1000,1
LTE,724,5,41431,79812989,-19.9716,-44.161,1000,1
LTE,724,5,41447,120339461,-26.6469,-48.6886,1000,1
LTE,724,5,41447,120344605,-26.8943,-48.6785,1000,1
LTE,724,5,41447,120344832,-26.883,-48.6947,1000,1
LTE,724,5,41447,120345373,-26.9003,-48.6726,1000,1
LTE,724,5,41447,120346112,-26.902,-48.7167,1000,1
LTE,724,5,41447,120369158,-26.8382,-48.712,1000,1
LTE,724,5,41447,120525569,-26.1265,-48.612,1000,1
LTE,724,5,41447,120540162,-26.1786,-48.6041,1000,3
LTE,724,5,41447,120560134,-26.2276,-48.5899,1000,1
LTE,724,5,41447,120563229,-26.7475,-48.6901,1000,1
LTE,724,5,41447,120565532,-26.9256,-48.7025,1000,1
LTE,724,5,41447,120570890,-26.8952,-48.6941,1000,1
LTE,724,5,41451,130716942,-30.0043,-51.3111,1000,1
LTE,724,5,41462,158926090,-14.4827,-46.4954,1000,1
LTE,724,5,41547,120325126,-27.0069,-48.6222,1000,1
LTE,724,5,41547,120340486,-27.0038,-48.6643,1000,1
LTE,724,5,41547,120525057,-27.0333,-48.6033,1000,1
LTE,724,5,41547,120560926,-26.9691,-48.641,1000,1
LTE,724,5,41547,120572160,-26.9694,-48.6358,1000,1
LTE,724,5,41571,181791748,-12.8891,-38.4426,1000,7
LTE,724,5,41571,181791750,-12.8917,-38.4457,1000,1
LTE,724,5,41651,130795533,-29.6723,-51.4526,1000,1
LTE,724,5,41661,156228124,-15.8694,-47.9237,1000,1
LTE,724,5,41661,156406274,-15.8314,-47.9242,1000,15
LTE,724,5,41661,156452737,-15.8377,-47.9183,1000,9
LTE,724,5,41671,181915662,-12.8893,-38.3554,1000,1
LTE,724,5,41811,28342282,-23.6975,-46.4398,1000,1
LTE,724,5,41811,28511501,-23.6225,-46.5417,1000,1
LTE,724,5,41811,28518941,-23.658,-46.4877,1000,1
LTE,724,5,41822,56328205,-21.7381,-41.326,1000,1
LTE,724,5,41822,56384799,-21.8138,-41.3973,1000,1
LTE,724,5,41822,56631313,-22.0228,-41.6879,1000,1
LTE,724,5,41851,44459266,-29.8771,-51.2505,827,50
LTE,724,5,41851,44459267,-29.8769,-51.2595,1666,50
LTE,724,5,41851,130578697,-29.8737,-51.2438,1000,1
LTE,724,5,41851,131535883,-29.8804,-51.236,1000,2
LTE,724,5,41861,156180226,-15.7667,-47.8826,2146,17
LTE,724,5,41861,156192256,-15.7805,-47.8813,5343,50
LTE,724,5,41861,156203008,-15.8063,-47.8898,1209,7
LTE,724,5,41861,156218370,-15.8002,-47.8851,1000,1
LTE,724,5,41861,156225164,-15.804,-47.8869,1000,1
LTE,724,5,41861,156253710,-15.7743,-47.8811,1000,2
LTE,724,5,41861,156273949,-15.7894,-47.8822,1000,1
LTE,724,5,41861,156306177,-15.7598,-47.885,1000,2
LTE,724,5,41861,156406019,-15.7313,-47.8929,2403,15
LTE,724,5,41861,156416542,-15.8029,-47.8581,5077,32
LTE,724,5,41861,156437022,-15.7587,-47.8986,1000,2
LTE,724,5,41861,156438301,-15.7744,-47.8913,1000,1
LTE,724,5,41861,156440860,-15.751,-47.8431,1000,1
LTE,724,5,41861,156441869,-15.7301,-47.8627,1000,1
LTE,724,5,41861,156441885,-15.7299,-47.8623,1000,1
LTE,724,5,41861,156465154,-15.7466,-47.8892,1000,4
LTE,724,5,41861,156793886,-15.7506,-47.8878,1000,1
LTE,724,5,41861,156794377,-15.7603,-47.8342,1000,4
LTE,724,5,41862,158748685,-15.7718,-48.7654,1000,1
LTE,724,5,41862,158808961,-16.0455,-49.076,1000,1
LTE,724,5,41862,158827274,-15.6132,-48.6583,1000,6
LTE,724,5,41862,159368588,-16.3375,-49.5003,1000,1
LTE,724,5,41951,130691087,-29.3061,-49.7734,1000,1
LTE,724,5,41961,156162305,-15.8795,-47.9582,1329,33
LTE,724,5,41961,156357515,-15.8633,-47.9577,1000,1
LTE,724,5,41962,158737421,-16.315,-48.8991,1000,1
LTE,724,5,42061,156231936,-15.7806,-48.1036,12617,24
LTE,724,5,42061,156231965,-15.7956,-48.0656,1000,7
LTE,724,5,42061,156233742,-15.8294,-48.0334,1000,1
LTE,724,5,42061,156237568,-15.8055,-48.0592,1964,14
LTE,724,5,42061,156245505,-15.7895,-48.1436,1000,5
LTE,724,5,42061,156253957,-15.8364,-48.0329,1000,2
LTE,724,5,42061,156378112,-15.8099,-48.1008,1000,6
LTE,724,5,42061,156453660,-15.8361,-48.0328,1000,1
LTE,724,5,42061,156674062,-15.8064,-48.0581,1000,4
LTE,724,5,42062,158735232,-16.4058,-48.9205,1000,1
LTE,724,5,42062,158743325,-16.3605,-48.962,1000,1
LTE,724,5,42062,159317506,-16.4052,-48.9109,1000,1
LTE,724,5,42062,159346189,-16.4022,-48.9604,1000,1
LTE,724,5,42062,159372033,-16.485,-49.0941,1000,1
LTE,724,5,42092,41367570,-3.1357,-60.0041,1000,5
LTE,724,5,42092,62359557,-3.1264,-59.9842,1000,2
LTE,724,5,42092,235534353,-3.1343,-60.0172,1000,1
LTE,724,5,42092,235545608,-3.1318,-59.988,1000,1
LTE,724,5,42092,235545618,-3.1317,-59.988,1000,2
LTE,724,5,42092,235564294,-3.0913,-60.0126,1000,3
LTE,724,5,42092,235564319,-3.0917,-60.0164,1000,14
LTE,724,5,42092,235778067,-3.1348,-60.0158,1000,3
LTE,724,5,42092,235778819,-3.1278,-59.9864,1000,22
LTE,724,5,42092,235779359,-3.1316,-59.977,1000,13
LTE,724,5,42092,235779602,-3.0924,-60.0424,1000,1
LTE,724,5,42092,235849737,-3.086,-59.9901,1000,22
LTE,724,5,42092,235849745,-3.0805,-59.9821,1000,1
LTE,724,5,42131,79414020,-19.9639,-44.0255,1000,1
LTE,724,5,42131,79418910,-19.9188,-44.0569,1000,1
LTE,724,5,42131,79419400,-19.9196,-44.0563,1000,1
LTE,724,5,42131,79422214,-19.8752,-44.0271,1000,1
LTE,724,5,42131,79751693,-19.931,-44.0873,1000,1
LTE,724,5,42162,158765568,-16.7358,-49.2795,1000,18
LTE,724,5,42261,156257281,-15.7496,-48.3233,1000,3
LTE,724,5,42261,156258825,-15.7904,-48.2165,2027,13
LTE,724,5,42261,156369416,-15.5339,-48.624,1000,7
LTE,724,5,42261,156369438,-15.7535,-48.4114,13338,49
LTE,724,5,42261,156370433,-15.7738,-48.2292,2062,43
LTE,724,5,42261,156370441,-15.7732,-48.231,1862,30
LTE,724,5,42261,156647693,-15.2546,-48.2658,1000,1
LTE,724,5,42261,159309325,-15.0382,-47.0591,1000,1
LTE,724,5,42262,158765451,-16.7073,-49.2368,1000,1
LTE,724,5,42311,28486930,-23.57,-46.6411,1000,2
LTE,724,5,42311,28557825,-23.5681,-46.6312,8810,25
LTE,724,5,42311,28557827,-23.5638,-46.6445,2811,26
LTE,724,5,42361,156260382,-16.7809,-47.6266,1000,1
LTE,724,5,42361,156263692,-16.1443,-47.9442,1000,1
LTE,724,5,42361,156273532,-16.0535,-47.9818,1000,1
LTE,724,5,42362,158918922,-16.6338,-49.1938,1000,1
LTE,724,5,42392,235528964,-3.0497,-59.9855,1324,5
LTE,724,5,42392,235537425,-3.011,-59.9851,1000,2
LTE,724,5,42431,79754253,-19.4538,-43.1147,1000,1
LTE,724,5,42511,28592143,-23.3694,-46.0948,1000,1
LTE,724,5,42511,28655363,-23.4982,-46.1824,1000,1
LTE,724,5,42511,28656913,-23.5119,-46.3344,1000,1
LTE,724,5,42511,29111817,-23.5932,-46.35,1000,6
LTE,724,5,42511,29133827,-23.5329,-46.1951,1000,1
LTE,724,5,42511,29273870,-23.4086,-46.3426,1000,1
LTE,724,5,42531,97296901,-19.1678,-44.516,1840,3
LTE,724,5,42562,158774273,-16.6648,-49.3861,1000,1
LTE,724,5,42562,158780169,-16.6206,-49.3559,1000,1
LTE,724,5,42662,158725385,-16.7841,-49.2562,1000,1
LTE,724,5,42662,158726540,-16.817,-49.2109,1000,1
LTE,724,5,42662,158727180,-16.7618,-49.2347,1000,1
LTE,724,5,42662,159318272,-16.8276,-49.2396,1000,1
LTE,724,5,42662,159323421,-16.7906,-49.2478,1000,1
LTE,724,5,42662,159366172,-16.8006,-49.2402,1000,1
LTE,724,5,42691,233278210,-1.065,-46.7653,1000,3
LTE,724,5,42751,130683520,-29.8075,-51.1661,1000,1
LTE,724,5,42811,29706770,-23.1478,-47.024,1000,1
LTE,724,5,42862,158775838,-16.7015,-49.2623,1000,1
LTE,724,5,42911,28375566,-23.5951,-46.8112,1000,1
LTE,724,5,42911,28537857,-23.4996,-47.1416,1575,32
LTE,724,5,42911,28554515,-23.608,-46.7669,1000,1
LTE,724,5,42911,28953885,-23.5177,-46.926,1000,1
LTE,724,5,42911,28990735,-23.5476,-47.1236,1000,3
LTE,724,5,42911,29006878,-23.6003,-46.7533,1000,1
LTE,724,5,42911,29218817,-23.5643,-47.136,500,29
LTE,724,5,42911,29296385,-23.4707,-47.1322,1000,17
LTE,724,5,42921,53862913,-22.9622,-43.6061,1102,29
LTE,724,5,42921,54220289,-22.9874,-43.598,2048,32
LTE,724,5,42921,54220545,-22.9513,-43.6049,580,28
LTE,724,5,42921,54358557,-22.9445,-43.5976,1000,21
LTE,724,5,42921,54411791,-22.9673,-43.6226,1000,18
LTE,724,5,42921,54411807,-22.9674,-43.6226,1032,24
LTE,724,5,42921,54433809,-22.9434,-43.5811,1000,9
LTE,724,5,42921,54449421,-22.9529,-43.6497,1000,6
LTE,724,5,42921,54449437,-22.9499,-43.6443,1000,12
LTE,724,5,42921,54450957,-22.9622,-43.6465,1022,3
LTE,724,5,42921,54450962,-22.9685,-43.637,1000,1
LTE,724,5,42921,54456323,-23.0014,-43.5749,722,25
LTE,724,5,42924,61445919,-22.5471,-44.1843,1000,1
LTE,724,5,42924,61449486,-22.4985,-44.5625,1000,1
LTE,724,5,42924,61450498,-22.4815,-44.5438,1557,34
LTE,724,5,42924,61465355,-22.6551,-43.8227,1000,1
LTE,724,5,42924,61466122,-22.4547,-44.3026,1000,1
LTE,724,5,42924,61473053,-22.5132,-44.0865,1000,1
LTE,724,5,42924,61499934,-22.4694,-44.2816,1000,1
LTE,724,5,42924,62348813,-22.5808,-43.9722,1000,1
LTE,724,5,43021,53845761,-22.7011,-43.2936,9026,27
LTE,724,5,43021,53854222,-22.7606,-43.287,1000,1
LTE,724,5,43021,54474254,-22.7202,-43.2893,1000,6
LTE,724,5,43021,54603788,-22.7999,-43.2912,1000,4
LTE,724,5,43021,54888989,-22.7524,-43.3046,1000,1
LTE,724,5,43321,53877762,-22.7586,-42.8416,8342,33
LTE,724,5,43321,54014979,-22.8039,-43.0587,4319,41
LTE,724,5,43321,54014986,-22.7949,-43.0353,1000,13
LTE,724,5,43321,54016001,-22.7813,-42.9609,1910,22
LTE,724,5,43321,54016783,-22.7919,-43.0182,1000,1
LTE,724,5,43321,54018321,-22.821,-43.0829,1000,2
LTE,724,5,43321,54018333,-22.8203,-43.0822,1000,22
LTE,724,5,43321,54398480,-22.7907,-43.0137,1000,11
LTE,724,5,43321,54446877,-22.749,-42.8155,768,25
LTE,724,5,43321,54543390,-22.4334,-42.6392,1000,1
LTE,724,5,43384,215074312,-5.8573,-35.1825,1460,6
LTE,724,5,43621,55036190,-22.7627,-43.3918,1000,1
LTE,724,5,43711,28183822,-23.6378,-46.6301,1000,1
LTE,724,5,43711,28687375,-23.6882,-46.6523,1000,6
LTE,724,5,43714,35844879,-22.9292,-48.9885,1000,1
LTE,724,5,43821,53855759,-22.675,-43.2947,1000,1
LTE,724,5,43821,54394625,-22.6665,-43.3043,1348,18
LTE,724,5,43821,54465055,-22.6869,-43.2855,1000,4
LTE,724,5,43921,53896194,-22.9785,-43.2279,3261,50
LTE,724,5,43921,53909021,-22.972,-43.2175,1000,2
LTE,724,5,44091,23191323,-1.3925,-48.4171,1000,1
LTE,724,5,44091,233037316,-1.2803,-48.4494,1000,1
LTE,724,5,44111,28257822,-23.4442,-46.5233,1000,1
LTE,724,5,44111,28258323,-23.4377,-46.5632,1000,1
LTE,724,5,44111,28262173,-23.4709,-46.4399,1000,1
LTE,724,5,44111,28262403,-23.438,-46.4484,7635,43
LTE,724,5,44111,28262418,-23.4455,-46.4414,1000,1
LTE,724,5,44111,28263455,-23.4637,-46.4936,1000,15
LTE,724,5,44111,28264479,-23.4678,-46.4066,1000,1
LTE,724,5,44111,28267021,-23.4343,-46.4059,1000,1
LTE,724,5,44111,28269087,-23.4459,-46.4334,1000,1
LTE,724,5,44111,28269581,-23.4607,-46.4663,1000,1
LTE,724,5,44111,28274189,-23.4336,-46.3804,1000,1
LTE,724,5,44111,28274462,-23.4814,-46.4512,1000,2
LTE,724,5,44111,28277789,-23.4515,-46.3382,1000,1
LTE,724,5,44111,28383489,-23.4606,-46.4877,1000,1
LTE,724,5,44111,28384771,-23.4224,-46.3881,1000,2
LTE,724,5,44111,28401929,-23.488,-46.5038,1000,1
LTE,724,5,44111,28505613,-23.4919,-46.4543,1000,1
LTE,724,5,44111,28545537,-23.4679,-46.5112,915,33
LTE,724,5,44111,28570910,-23.4743,-46.5731,1000,1
LTE,724,5,44111,28658206,-23.4905,-46.4784,1000,1
LTE,724,5,44111,28663823,-23.4143,-46.5794,1000,1
LTE,724,5,44111,28861469,-23.4527,-46.4062,1000,1
LTE,724,5,44111,28867087,-23.3878,-46.4068,1000,1
LTE,724,5,44111,28867338,-23.4425,-46.3786,1000,1
LTE,724,5,44111,28877578,-23.4315,-46.3953,1000,1
LTE,724,5,44111,29151491,-23.4067,-46.488,1000,1
LTE,724,5,44111,29177602,-23.4672,-46.5682,1000,6
LTE,724,5,44111,29177611,-23.4636,-46.5798,1000,1
LTE,724,5,44111,29236865,-23.473,-46.4968,1000,1
LTE,724,5,44111,29280266,-23.4589,-46.4909,1000,1
LTE,724,5,44111,29349122,-23.471,-46.5189,1000,21
LTE,724,5,44111,29499401,-23.4459,-46.4374,1000,1
LTE,724,5,44111,29514498,-23.4695,-46.3932,1000,1
LTE,724,5,44111,29547275,-23.434,-46.4958,1000,1
LTE,724,5,44111,29547278,-23.4318,-46.4929,1000,1
LTE,724,5,44111,29548298,-23.422,-46.3948,1000,1
LTE,724,5,44111,29548307,-23.4188,-46.4096,1000,1
LTE,724,5,44111,29575041,-23.4063,-46.4345,1000,1
LTE,724,5,44121,53973007,-22.8124,-43.3394,1000,1
LTE,724,5,44121,53976861,-22.8243,-43.3323,1000,8
LTE,724,5,44121,53977091,-22.8319,-43.3573,1000,13
LTE,724,5,44121,54261507,-22.811,-43.3536,1000,1
LTE,724,5,44121,54427662,-22.831,-43.3506,1000,7
LTE,724,5,44181,207367682,-8.0575,-34.8973,1149,14
LTE,724,5,44181,207367965,-8.0681,-34.8762,1000,2
LTE,724,5,44181,207370753,-8.0422,-34.8976,1000,23
LTE,724,5,44181,207370776,-8.0392,-34.9006,1000,6
LTE,724,5,44181,207370781,-8.043,-34.8975,1000,8
LTE,724,5,44181,207371546,-8.0353,-34.8978,1000,9
LTE,724,5,44181,207373570,-8.056,-34.9096,1198,6
LTE,724,5,44181,207376384,-8.0381,-34.8717,1000,3
LTE,724,5,44181,207377921,-8.0651,-34.8825,1000,14
LTE,724,5,44181,207378177,-8.0813,-34.8818,8901,22
LTE,724,5,44181,207378434,-8.0514,-34.878,1528,13
LTE,724,5,44181,207378944,-8.0572,-34.8818,1000,15
LTE,724,5,44181,207379714,-8.0541,-34.8814,1000,23
LTE,724,5,44181,207407873,-8.0527,-34.8961,1000,10
LTE,724,5,44181,207500801,-8.0354,-34.9121,1000,11
LTE,724,5,44181,207501825,-8.045,-34.8962,1000,16
LTE,724,5,44181,207513089,-8.0321,-34.9063,2614,14
LTE,724,5,44181,207516188,-8.034,-34.9014,1000,5
LTE,724,5,44181,207521541,-8.0379,-34.911,1000,5
LTE,724,5,44181,207558656,-8.0708,-34.8802,1457,13
LTE,724,5,44311,28231171,-23.5154,-46.6712,1843,29
LTE,724,5,44311,28241167,-23.4795,-46.6024,1000,1
LTE,724,5,44311,28666141,-23.5319,-46.673,1000,9
LTE,724,5,44311,29014287,-23.5066,-46.696,1000,1
LTE,724,5,44311,29144862,-23.5127,-46.6709,1000,1
LTE,724,5,44311,29171971,-23.5175,-46.6482,1000,12
LTE,724,5,44311,29177423,-23.5147,-46.6375,1000,1
LTE,724,5,44311,29319694,-23.4654,-46.6649,1000,1
LTE,724,5,44311,29582867,-23.5189,-46.6335,1000,1
LTE,724,5,44318,46092046,-22.045,-51.0717,1010,27
LTE,724,5,44318,46096391,-22.1886,-51.3585,1000,6
LTE,724,5,44318,46099975,-22.6218,-50.6826,1583,35
LTE,724,5,44318,46102281,-22.1303,-51.1806,1727,50
LTE,724,5,44318,46109470,-22.1192,-51.4157,1000,11
LTE,724,5,44318,46109955,-22.1177,-51.411,1000,21
LTE,724,5,44318,46110219,-22.2736,-51.4962,1000,1
LTE,724,5,44318,46110241,-22.1053,-51.4623,2131,33
LTE,724,5,44318,46110986,-22.1939,-51.3377,4921,22
LTE,724,5,44318,46113282,-21.8069,-50.7922,4130,22
LTE,724,5,44318,46116367,-21.9812,-51.6712,1823,34
LTE,724,5,44318,46123529,-22.2528,-51.4548,3368,50
LTE,724,5,44318,46126859,-22.0741,-51.4518,1000,1
LTE,724,5,44318,46126862,-22.1612,-51.3014,1000,5
LTE,724,5,44318,46127113,-22.2333,-51.3393,1295,46
LTE,724,5,44318,46127630,-22.172,-51.3796,1000,4
LTE,724,5,44318,46130435,-22.1484,-51.3967,2720,30
LTE,724,5,44318,46210563,-22.1392,-51.416,3492,36
LTE,724,5,44318,46210573,-22.1245,-51.415,1000,17
LTE,724,5,44318,46218014,-21.7962,-52.1103,2535,29
LTE,724,5,44421,53883678,-22.933,-43.3844,1000,1
LTE,724,5,44421,54080798,-22.9327,-43.3449,1000,2
LTE,724,5,44421,54221057,-22.9512,-43.3566,1000,7
LTE,724,5,44421,54227230,-22.9701,-43.3601,1000,9
LTE,724,5,44521,53821469,-22.8603,-43.2374,1000,1
LTE,724,5,44521,53865486,-22.8596,-43.1063,1000,1
LTE,724,5,44521,53978910,-22.8221,-43.2807,1000,10
LTE,724,5,44521,53981965,-22.8275,-43.2743,1000,4
LTE,724,5,44521,54063113,-22.8131,-43.2716,1000,1
LTE,724,5,44521,54113041,-22.8183,-43.3089,1000,1
LTE,724,5,44521,54246914,-22.8329,-43.266,2975,50
LTE,724,5,44521,54246941,-22.8332,-43.2647,1392,25
LTE,724,5,44521,54246942,-22.8322,-43.267,1000,5
LTE,724,5,44521,54366978,-22.8093,-43.2761,1000,1
LTE,724,5,44521,54464257,-22.8274,-43.2345,1000,4
LTE,724,5,44521,54552847,-22.8718,-43.2485,1000,3
LTE,724,5,44521,54552861,-22.865,-43.2395,1000,4
LTE,724,5,44521,54557443,-22.9017,-43.2522,1000,1
LTE,724,5,44521,55110401,-22.8246,-43.2525,1000,1
LTE,724,5,44521,55110403,-22.8347,-43.2436,1000,3
LTE,724,5,44621,53777677,-22.8675,-43.4262,1000,4
LTE,724,5,44621,54193695,-22.8739,-43.5146,1000,2
LTE,724,5,44621,54198017,-22.8524,-43.387,9396,50
LTE,724,5,44621,54236171,-22.8788,-43.5237,1000,2
LTE,724,5,44621,54281731,-22.8777,-43.5339,1000,5
LTE,724,5,44621,54364433,-22.8725,-43.5124,1000,12
LTE,724,5,44621,54426387,-22.8582,-43.4662,1000,1
LTE,724,5,44621,54465282,-22.879,-43.5397,1000,6
LTE,724,5,44621,54465283,-22.8796,-43.5438,1000,3
LTE,724,5,44621,55143695,-22.8619,-43.411,1000,2
LTE,724,5,44821,53915137,-22.8775,-43.3412,8037,50
LTE,724,5,44921,53800970,-22.8624,-43.5416,1000,1
LTE,724,5,44921,53802257,-22.8911,-43.5946,1000,2
LTE,724,5,44921,53802510,-22.9151,-43.6021,1000,3
LTE,724,5,44921,53805827,-22.9298,-43.6444,2455,26
LTE,724,5,44921,53805855,-22.927,-43.6352,1000,13
LTE,724,5,44921,53806611,-22.9206,-43.5632,1000,2
LTE,724,5,44921,53806621,-22.9119,-43.5649,1000,6
LTE,724,5,44921,53808657,-22.9219,-43.602,1000,10
LTE,724,5,44921,54069263,-22.9159,-43.6248,1000,7
LTE,724,5,44921,54069266,-22.9158,-43.6188,1000,1
LTE,724,5,44921,54209283,-22.9171,-43.538,1872,18
LTE,724,5,44921,54209793,-22.903,-43.554,557,27
LTE,724,5,44921,54210061,-22.9166,-43.613,1000,9
LTE,724,5,44921,54210830,-22.9092,-43.566,1000,4
LTE,724,5,44921,54279177,-22.9244,-43.5687,1000,9
LTE,724,5,44921,54395421,-22.9002,-43.5497,1000,1
LTE,724,5,44921,54415134,-22.9107,-43.559,1000,17
LTE,724,5,44921,54415374,-22.8858,-43.6101,1000,8
LTE,724,5,44921,54444291,-22.9161,-43.6025,826,25
LTE,724,5,44921,54461966,-22.8731,-43.5536,1000,8
LTE,724,5,44921,54461971,-22.8702,-43.5546,1000,2
LTE,724,5,44921,54478866,-22.9262,-43.5361,500,27
LTE,724,5,44921,54481935,-22.916,-43.6025,1000,12
LTE,724,5,44921,54481939,-22.9157,-43.6025,1000,2
LTE,724,5,44921,54525725,-22.8992,-43.5478,1000,8
LTE,724,5,44921,54700555,-22.9209,-43.6313,1000,1
LTE,724,5,44921,54956573,-22.9175,-43.5535,863,28
LTE,724,5,44921,54965251,-22.9257,-43.6045,1000,3
LTE,724,5,44921,55008259,-22.9218,-43.6456,1000,18
LTE,724,5,44921,55142431,-22.8856,-43.6076,500,26
LTE,724,5,44921,55154315,-22.8952,-43.5616,1000,8
LTE,724,5,44921,55169066,-22.9035,-43.5591,1000,3
LTE,724,5,44921,55223817,-22.925,-43.5995,2188,6
LTE,724,5,45021,53928721,-22.8964,-43.301,1000,2
LTE,724,5,45021,53930243,-22.9133,-43.2682,6060,50
LTE,724,5,45021,53931277,-22.8886,-43.2943,1000,2
LTE,724,5,45021,54477342,-22.9069,-43.3078,1000,14
LTE,724,5,45021,55020573,-22.887,-43.2916,1000,6
LTE,724,5,45213,33282829,-24.2854,-47.1917,1000,1
LTE,724,5,45213,33284617,-23.8839,-46.4257,1000,1
LTE,724,5,45213,33292829,-24.2175,-46.8712,1000,1
LTE,724,5,45213,33295390,-24.2916,-47.4705,1000,2
LTE,724,5,45213,33297950,-24.0361,-46.514,1000,1
LTE,724,5,45213,33299486,-24.0324,-46.4969,1000,1
LTE,724,5,45213,33301262,-24.2725,-46.9366,1000,1
LTE,724,5,45213,33315358,-23.9516,-46.4609,1000,1
LTE,724,5,45213,33316127,-23.9435,-46.3877,1000,1
LTE,724,5,45213,33319682,-23.8582,-46.36,1000,1
LTE,724,5,45213,33326086,-23.9112,-46.4608,1000,1
LTE,724,5,45213,33347331,-23.9712,-46.3977,1000,1
LTE,724,5,45213,33356802,-24.7304,-48.1005,1000,1
LTE,724,5,45213,33356807,-24.7321,-48.1103,1000,1
LTE,724,5,45213,33357059,-24.1484,-46.7281,1000,1
LTE,724,5,45213,33360651,-23.8913,-46.4317,1000,1
LTE,724,5,45213,33370373,-23.9283,-46.4291,1000,1
LTE,724,5,45213,33386782,-24.0324,-46.5144,1000,1
LTE,724,5,45213,33388289,-24.2562,-46.9518,1000,1
LTE,724,5,45213,33390339,-23.8833,-46.4948,1000,1
LTE,724,5,45213,33390340,-23.8886,-46.4948,1000,1
LTE,724,5,45213,33413919,-24.2945,-47.0169,1000,1
LTE,724,5,45213,33416715,-24.0192,-47.175,1000,1
LTE,724,5,45213,33419791,-24.722,-48.0818,1000,1
LTE,724,5,45213,33428876,-23.9568,-46.4099,1000,1
LTE,724,5,45213,33484429,-24.0796,-46.5957,1000,1
LTE,724,5,45213,33490703,-24.3287,-47.5771,1000,1
LTE,724,5,45213,33493518,-24.7306,-48.1146,1000,1
LTE,724,5,45213,33729289,-24.3725,-47.7031,1000,1
LTE,724,5,45213,33772045,-24.2762,-47.2448,1000,1
LTE,724,5,45213,33829903,-23.9663,-46.4086,1000,1
LTE,724,5,45313,33285891,-23.9447,-46.3242,1000,1
LTE,724,5,45313,33309469,-23.9522,-46.3231,1000,1
LTE,724,5,45313,33310493,-23.9695,-46.3066,1000,1
LTE,724,5,45313,33358622,-23.9412,-46.3663,1000,1
LTE,724,5,45313,33400863,-24.0147,-46.2791,1000,1
LTE,724,5,45313,33404162,-23.9757,-46.3089,1000,1
LTE,724,5,45313,33406238,-23.9508,-46.3236,1000,1
LTE,724,5,45313,33410333,-23.9773,-46.3092,1000,1
LTE,724,5,45313,33411725,-23.9434,-46.335,1000,1
LTE,724,5,45313,33423886,-23.9615,-46.3146,1000,1
LTE,724,5,45313,33431168,-23.9458,-46.3404,1000,1
LTE,724,5,45313,33485072,-23.7885,-46.0306,1000,1
LTE,724,5,45313,33542431,-23.962,-46.2893,1000,2
LTE,724,5,45611,28183566,-23.6297,-46.6347,1000,1
LTE,724,5,45611,28547358,-23.679,-46.6957,1000,1
LTE,724,5,45611,28689155,-23.6159,-46.6608,1909,11
LTE,724,5,45611,28973332,-23.6256,-46.661,1000,1
LTE,724,5,45611,29004942,-23.6294,-46.714,1000,1
LTE,724,5,45611,29322249,-23.6196,-46.6926,1000,1
LTE,724,5,45621,53955357,-22.8799,-43.11,1000,1
LTE,724,5,45621,53955615,-22.8987,-43.1316,1000,1
LTE,724,5,45621,53956127,-22.8811,-43.0891,1000,2
LTE,724,5,45621,53957897,-22.883,-43.1158,1000,10
LTE,724,5,45621,53958401,-22.8696,-43.0436,6486,50
LTE,724,5,45621,53958685,-22.881,-43.0975,1000,4
LTE,724,5,45621,54404627,-22.8967,-43.1288,1000,3
LTE,724,5,45621,54411295,-22.8834,-43.1171,1000,2
LTE,724,5,45621,54491422,-22.9013,-42.959,1000,20
LTE,724,5,45621,54493710,-22.8732,-43.1101,1000,11
LTE,724,5,45621,54547475,-22.8776,-42.9911,1000,4
LTE,724,5,45621,55253164,-22.8723,-43.0483,1000,1
LTE,724,5,45711,28370434,-23.5747,-46.7102,2761,50
LTE,724,5,45711,28381441,-23.5823,-46.7329,5209,23
LTE,724,5,45711,28410143,-23.5705,-46.6922,1000,1
LTE,724,5,45711,28562717,-23.6058,-46.6642,1000,1
LTE,724,5,45711,28569089,-23.5795,-46.6479,4707,50
LTE,724,5,45711,28615401,-23.5815,-46.6576,1000,5
LTE,724,5,45711,28659997,-23.5853,-46.671,1000,1
LTE,724,5,45721,53785857,-23.0085,-43.3036,1000,6
LTE,724,5,45721,53787411,-23.0156,-43.4122,1000,1
LTE,724,5,45721,53788941,-23.0042,-43.4328,1000,6
LTE,724,5,45721,53793026,-23.0103,-43.3571,1000,2
LTE,724,5,45721,53800707,-23.0127,-43.2939,1000,4
LTE,724,5,45721,53891586,-23.0166,-43.5149,1000,21
LTE,724,5,45721,53993218,-23.0238,-43.4804,1353,50
LTE,724,5,45721,53995027,-23.0193,-43.5057,1000,17
LTE,724,5,45721,54001950,-22.999,-43.2705,1000,2
LTE,724,5,45721,54219790,-22.9732,-43.4003,1000,4
LTE,724,5,45721,54284811,-23.0083,-43.4424,1000,2
LTE,724,5,45721,54298114,-23.0103,-43.3409,1000,1
LTE,724,5,45721,54848778,-23.0181,-43.4818,1000,1
LTE,724,5,45721,55228957,-23.0191,-43.4324,1000,4
LTE,724,5,45811,28171274,-23.4937,-46.8431,1000,1
LTE,724,5,45811,28171277,-23.4907,-46.8413,1000,1
LTE,724,5,45811,28171534,-23.4946,-46.8322,1000,1
LTE,724,5,45811,28172317,-23.5061,-46.808,1000,1
LTE,724,5,45811,28328461,-23.5393,-46.7535,1000,1
LTE,724,5,45811,28387869,-23.5328,-46.7854,1000,1
LTE,724,5,45811,28710402,-23.5101,-46.8079,1000,1
LTE,724,5,45811,28947742,-23.5753,-46.8093,1000,1
LTE,724,5,45811,29044509,-23.5326,-46.8811,1000,1
LTE,724,5,45811,29052685,-23.4935,-46.8117,1000,1
LTE,724,5,45811,29052959,-23.571,-46.8509,1000,1
LTE,724,5,45811,29154333,-23.5256,-46.8942,1000,1
LTE,724,5,45811,29211457,-23.5309,-46.7765,1000,1
LTE,724,5,45811,29315726,-23.5118,-46.8104,1000,1
LTE,724,5,45811,29352457,-23.5152,-46.7954,1000,1
LTE,724,5,45811,29490179,-23.5322,-46.788,1000,1
LTE,724,5,45811,29531422,-23.529,-46.8127,1000,1
LTE,724,5,45811,29660716,-23.51,-46.8993,1000,1
LTE,724,5,45811,31701279,-23.5309,-46.78,1000,1
LTE,724,5,45911,28520974,-23.745,-46.54,1000,1
LTE,724,5,45911,28531215,-23.7478,-46.5544,1000,1
LTE,724,5,45911,28649757,-23.6763,-46.5842,1000,1
LTE,724,5,45911,29122306,-23.7262,-46.592,1000,1
LTE,724,5,45911,29557633,-23.7792,-46.5208,1000,1
LTE,724,5,45911,29562219,-23.757,-46.542,1000,1
LTE,724,5,45911,29743490,-23.7813,-46.5979,1000,1
LTE,724,5,46011,28490003,-23.5527,-46.6369,1000,2
LTE,724,5,46011,28572425,-23.5073,-46.5714,1000,1
LTE,724,5,46011,28575757,-23.527,-46.6067,1000,2
LTE,724,5,46011,28693266,-23.5543,-46.637,1000,3
LTE,724,5,46011,29172866,-23.5349,-46.5996,1000,1
LTE,724,5,46011,29271306,-23.5269,-46.6113,1000,1
LTE,724,5,46011,29271307,-23.5228,-46.6105,1000,1
LTE,724,5,46011,29366031,-23.519,-46.6177,1000,11
LTE,724,5,46111,28294927,-23.5927,-46.6031,1000,1
LTE,724,5,46111,28560157,-23.5929,-46.5896,1000,1
LTE,724,5,46211,28336142,-23.5353,-46.7215,1000,1
LTE,724,5,46211,28390913,-23.49,-46.7654,1179,3
LTE,724,5,46211,28430346,-23.5236,-46.7558,1000,1
LTE,724,5,46211,28440834,-23.5081,-46.7004,1156,19
LTE,724,5,46211,28675341,-23.4833,-46.7384,1000,1
LTE,724,5,46211,28940813,-23.4738,-46.7734,1000,10
LTE,724,5,46211,28978178,-23.5501,-46.7301,1105,21
LTE,724,5,46211,29082242,-23.5202,-46.7478,1000,1
LTE,724,5,46211,29123341,-23.5516,-46.7441,1000,1
LTE,724,5,46211,29212930,-23.4701,-46.6911,1000,1
LTE,724,5,46211,29259017,-23.5168,-46.7296,1000,1
LTE,724,5,46211,29531658,-23.479,-46.7356,1000,1
LTE,724,5,46211,29753472,-23.4294,-46.7895,1000,1
LTE,724,5,46211,29753486,-23.4417,-46.7876,1000,1
LTE,724,5,46311,28161298,-23.1402,-46.5795,1000,1
LTE,724,5,46311,28255249,-23.2859,-46.7954,1000,1
LTE,724,5,46311,28310303,-23.2231,-46.8773,1000,5
LTE,724,5,46311,28314882,-23.1885,-46.904,1646,30
LTE,724,5,46311,28315137,-23.1835,-46.895,2646,49
LTE,724,5,46311,28316946,-23.1923,-46.9165,1000,2
LTE,724,5,46311,28317449,-23.127,-46.9877,1000,1
LTE,724,5,46311,28318211,-23.1033,-46.726,1000,1
LTE,724,5,46311,28318239,-23.1064,-46.7256,1000,1
LTE,724,5,46311,28318733,-23.0655,-46.6849,1000,1
LTE,724,5,46311,28385538,-23.1754,-46.3936,1000,1
LTE,724,5,46311,28550927,-23.3267,-46.5962,1000,1
LTE,724,5,46311,28596493,-23.1298,-46.9511,1000,5
LTE,724,5,46311,28603667,-23.2151,-46.9181,1000,5
LTE,724,5,46311,28608001,-23.1162,-46.5707,6168,27
LTE,724,5,46311,28642050,-22.9975,-46.7867,2590,9
LTE,724,5,46311,28654610,-23.2572,-46.7918,1000,1
LTE,724,5,46311,28803855,-23.1171,-46.5865,1000,1
LTE,724,5,46311,28842507,-23.1769,-46.9596,1000,1
LTE,724,5,46311,28870153,-23.1175,-46.9632,1000,1
LTE,724,5,46311,29060637,-23.3459,-46.5659,1000,3
LTE,724,5,46311,29110291,-23.0621,-46.6456,1000,1
LTE,724,5,46311,29210242,-23.1777,-46.9903,1000,1
LTE,724,5,46311,29232159,-23.2601,-46.5921,1000,1
LTE,724,5,46311,29250318,-23.0525,-46.6644,1000,3
LTE,724,5,46311,29264642,-23.0079,-46.8161,1000,1
LTE,724,5,46311,29443593,-23.2396,-46.8863,1000,6
LTE,724,5,46311,29580042,-23.1502,-47.0067,1000,1
LTE,724,5,46311,29587998,-23.3328,-46.4337,1000,1
LTE,724,5,46321,54416397,-22.671,-43.2843,1000,1
LTE,724,5,46411,28362511,-23.565,-46.5645,1000,1
LTE,724,5,46411,28362527,-23.5649,-46.5645,1000,1
LTE,724,5,46411,28365853,-23.5355,-46.5783,1000,2
LTE,724,5,46411,28669197,-23.5436,-46.5718,1000,1
LTE,724,5,46411,28778755,-23.5831,-46.5849,1000,1
LTE,724,5,46411,29512961,-23.5334,-46.5605,1000,1
LTE,724,5,46411,29613103,-23.5414,-46.5789,1000,1
LTE,724,5,46421,54160385,-22.7963,-43.3523,1000,1
LTE,724,5,47311,28166161,-23.4378,-47.1138,807,30
LTE,724,5,47311,28303119,-23.2578,-47.3058,1000,1
LTE,724,5,47311,28724490,-23.3632,-47.3261,1000,6
LTE,724,5,47311,28783886,-23.4159,-46.732,1000,1
LTE,724,5,47311,29019154,-23.4296,-46.8248,1000,1
LTE,724,5,47311,29271818,-23.3592,-46.7857,1000,1
LTE,724,5,47311,29688841,-23.4184,-47.1722,1000,1
LTE,724,5,47511,28282121,-23.6782,-46.8552,1000,1
LTE,724,5,47511,28319763,-23.9324,-47.01,1000,1
LTE,724,5,47511,28494606,-23.8658,-46.9483,1000,1
LTE,724,5,47511,29125650,-23.6402,-46.8981,1000,1
LTE,724,5,47511,29135625,-23.6927,-46.8607,1000,1
LTE,724,5,47511,29349906,-23.6349,-46.881,1000,1
LTE,724,5,47511,29674766,-23.6591,-46.8541,1000,1
LTE,724,5,47711,28403729,-23.5231,-46.5544,1000,5
LTE,724,5,47711,29110797,-23.5057,-46.4576,1000,1
LTE,724,5,47711,29184269,-23.532,-46.5296,1000,1
LTE,724,5,47711,29253123,-23.567,-46.4699,1000,2
LTE,724,5,47711,29379586,-23.6114,-46.4413,1000,1
LTE,724,5,47711,29384205,-23.5077,-46.5584,1000,7
LTE,724,5,48721,54003741,-22.8953,-43.2151,1000,2
LTE,724,5,48721,54008079,-22.8985,-43.2405,1000,1
LTE,724,5,48721,54047507,-22.9243,-43.2542,1000,5
LTE,724,5,48721,54047746,-22.9259,-43.2541,5297,50
LTE,724,5,48721,54048797,-22.917,-43.2555,1000,1
LTE,724,5,48721,54262798,-22.8757,-43.2084,1000,7
LTE,724,5,48721,54263298,-22.8937,-43.2394,1000,5
LTE,724,5,48721,54450435,-22.8903,-43.2358,1000,2
LTE,724,5,48721,54668830,-22.8858,-43.2293,1000,2
LTE,724,5,48721,54849794,-22.9149,-43.2511,1000,1
LTE,724,5,48721,55143177,-22.9208,-43.2599,1000,2
LTE,724,5,48721,55200125,-22.8926,-43.2157,1000,7
LTE,724,5,48721,55200172,-22.891,-43.2155,1000,4
LTE,724,5,49035,89633028,-22.2052,-45.9077,1000,1
LTE,724,5,49035,89720841,-22.3102,-45.8989,1000,1
LTE,724,5,49035,90062862,-22.3764,-45.9411,3409,44
LTE,724,5,49291,233251355,-1.7448,-47.5028,1000,1
LTE,724,5,49428,71690000,-20.877,-41.0339,1000,1
LTE,724,5,49433,84527630,-20.2339,-42.1651,1000,1
LTE,724,5,49534,87108622,-19.0154,-48.2079,1000,2
LTE,724,5,49534,87127053,-20.1363,-48.7011,1000,1
LTE,724,5,49535,89669385,-21.4208,-45.1836,1000,1
LTE,724,5,49535,89675789,-21.1644,-45.1233,1000,1
LTE,724,5,49679,202320649,-10.8915,-37.0484,1000,1
LTE,724,5,49841,105085478,-25.7732,-49.122,1000,1
LTE,724,5,49941,104993821,-25.2723,-48.9208,1000,1
LTE,724,5,49941,104994050,-25.1925,-48.8879,1000,1
LTE,724,5,49941,104994309,-25.1663,-48.8654,1000,1
LTE,724,5,49941,104994817,-25.1036,-48.7097,1000,1
LTE,724,5,49941,104995073,-25.0839,-48.6129,1000,1
LTE,724,5,49941,104995076,-25.0746,-48.5901,1722,25
LTE,724,5,49941,105039644,-25.3752,-49.0505,1000,2
LTE,724,5,49941,105039645,-25.393,-49.0358,1000,1
LTE,724,5,49941,105039662,-25.3862,-49.0643,1000,1
LTE,724,5,49941,105040412,-25.3282,-49.0292,1000,2
LTE,724,5,49941,105078786,-25.4479,-49.0725,1000,1
LTE,724,5,49941,105109512,-25.3516,-49.2943,1000,1
LTE,724,5,49941,105174557,-25.3539,-49.2817,1000,1
LTE,724,5,49949,125460252,-27.2208,-52.0247,1000,1
LTE,724,5,49954,138626317,-28.3388,-52.4889,1000,1
LTE,724,5,49962,159358586,-14.7633,-50.5395,1000,1
LTE,724,5,50112,231044365,-23.2124,-45.9079,1000,1
LTE,724,5,50116,230613014,-21.9699,-47.9743,1000,1
LTE,724,5,50216,230616843,-21.5686,-48.3331,1000,6
LTE,724,5,50217,230657045,-21.2344,-48.905,1000,6
LTE,724,5,50217,231073292,-21.2353,-48.9043,1000,6
LTE,724,5,50218,230679298,-21.804,-50.7765,1743,12
LTE,724,5,50318,230484021,-22.5629,-50.7887,1000,19
LTE,724,5,50514,230407219,-22.0905,-48.4462,7232,29
LTE,724,5,50541,128564226,-25.5706,-49.1132,1000,1
LTE,724,5,50714,230404915,-23.085,-48.2334,5199,8
LTE,724,5,50714,230419478,-23.098,-48.3922,1000,1
LTE,724,5,50714,230876211,-23.1338,-48.2931,1000,3
LTE,724,5,54262,30890291,-15.2014,-48.7567,1000,5
LTE,724,5,54621,153780787,-22.7324,-42.8129,1000,1
LTE,724,5,56415,230696971,-23.248,-48.1917,1000,3
LTE,724,5,60022,56389407,-22.8669,-42.5055,1000,24
LTE,724,5,60022,56393997,-22.9319,-42.5212,1000,1
LTE,724,5,60022,56396319,-22.8914,-42.6425,1107,22
LTE,724,5,60022,56396555,-22.8737,-42.6061,2393,25
LTE,724,5,60022,56398878,-22.9349,-42.4903,1000,16
LTE,724,5,60022,56673542,-22.9322,-42.58,1335,28
LTE,724,5,60022,56683786,-22.9184,-42.4782,500,26
LTE,724,5,60121,53925122,-22.9326,-42.8879,738,42
LTE,724,5,60121,54164750,-22.9044,-42.8066,1000,12
LTE,724,5,60121,54447370,-22.8996,-42.7584,1560,21
LTE,724,5,60121,54447389,-22.9024,-42.71,1000,18
LTE,724,5,60121,54472706,-22.9088,-42.8353,695,27
LTE,724,5,60121,54544402,-22.9294,-42.9235,1000,12
LTE,724,5,60121,54544414,-22.9208,-42.9278,1000,13
LTE,724,5,60121,54735901,-22.9145,-42.9319,1000,2
LTE,724,5,60124,61490463,-22.0377,-42.9895,1000,1
LTE,724,5,60161,25620276,-15.762,-48.5168,12168,29
LTE,724,5,60213,33416970,-24.093,-47.2555,1000,1
LTE,724,5,60216,41087490,-21.0834,-47.8011,1000,1
LTE,724,5,60242,107528989,-25.3825,-52.1194,1000,1
LTE,724,5,60286,220680457,-5.1989,-42.7389,1000,1
LTE,724,5,60318,230702092,-22.4874,-50.9188,1000,6
LTE,724,5,60344,112661804,-24.1972,-52.5008,1000,1
LTE,724,5,60414,35889934,-21.4363,-49.7739,1000,1
LTE,724,5,60416,40961550,-20.0861,-47.7892,1000,1
LTE,724,5,60416,40983298,-20.5744,-47.3784,1000,1
LTE,724,5,60434,87134988,-19.143,-48.9642,1000,1
LTE,724,5,60434,87590917,-19.6661,-47.9999,1000,1
LTE,724,5,60537,94744604,-20.5926,-44.7023,1000,1
LTE,724,5,60838,97506310,-17.223,-43.868,1000,1
LTE,724,5,61024,61487881,-22.0391,-42.99,1000,1
LTE,724,5,61024,61488035,-22.0461,-42.9959,1000,1
LTE,724,5,61163,161436031,-8.5693,-48.9416,1000,1
LTE,724,5,61263,161496092,-5.6063,-47.7535,1000,1
LTE,724,5,61335,89730056,-22.3791,-45.942,1000,1
LTE,724,5,61363,161513099,-11.0048,-48.5621,1000,1
LTE,724,5,61889,227842593,-8.1865,-43.7901,1000,1
LTE,724,5,61962,159356161,-15.9284,-49.6049,1000,1
LTE,724,5,62262,158828552,-15.4914,-49.4901,1000,1
LTE,724,5,62275,192046365,-12.1514,-39.2443,1000,3
LTE,724,5,62663,161508364,-6.8214,-48.5254,1000,1
LTE,724,5,62875,192797958,-12.7114,-39.6986,1000,1
LTE,724,5,63177,197167117,-15.2105,-41.0856,1000,1
LTE,724,5,63189,227853988,-7.6808,-43.9318,1000,1
LTE,724,5,63671,181809157,-12.6101,-38.4918,1164,21
LTE,724,5,63671,181809158,-12.5957,-38.514,1000,7
LTE,724,5,63881,207405342,-8.8096,-35.6301,1000,1
LTE,724,5,64364,163856158,-18.3901,-49.214,1000,1
LTE,724,5,64675,192115976,-12.3883,-39.1417,1000,1
LTE,724,5,64863,161439105,-11.8972,-49.1682,1000,1
LTE,724,5,64912,31336967,-22.9174,-45.8083,1000,3
LTE,724,5,64914,37032202,-21.8615,-49.5458,2806,30
LTE,724,5,64938,97285124,-18.5146,-44.4601,1000,1
LTE,724,5,64938,97309449,-16.9849,-43.8533,3356,2
LTE,724,5,64938,98332701,-16.6584,-43.7342,1000,1
LTE,724,5,64947,120365612,-27.0904,-49.4712,1000,1
NR,724,5,6152261,365343332,-15.4709,-48.6146,1000,11
NR,724,5,7150271,118052453,-12.9344,-38.3751,1000,1
NR,724,5,9450794,28976231,-6.4475,-50.0709,1000,1
UMTS,724,5,214,20639092,-22.0292,-49.8323,1000,6
UMTS,724,5,1296,104965892,-25.4715,-49.6693,1000,1
UMTS,724,5,1296,104996868,-25.4467,-49.4709,1000,1
UMTS,724,5,2512,33383690,-24.1247,-46.6827,1000,1
UMTS,724,5,2512,33388298,-24.2688,-46.9578,1000,1
UMTS,724,5,2512,33426442,-24.6515,-47.9419,1000,1
UMTS,724,5,2512,33432331,-24.0229,-46.4949,1000,1
UMTS,724,5,2512,33475851,-23.9748,-46.3857,1000,1
UMTS,724,5,4112,33434378,-23.9134,-46.3113,1000,1
UMTS,724,5,7792,120456970,-26.2084,-48.5461,1000,1
UMTS,724,5,9040,54472202,-22.9533,-43.0798,1000,1
UMTS,724,5,9449,22841448,-26.6982,-52.7541,1000,4
UMTS,724,5,13680,28241673,-23.6557,-46.569,1000,1
UMTS,724,5,13680,29365769,-23.6968,-46.532,1000,1
UMTS,724,5,21680,28708363,-23.5353,-46.5756,1000,1
UMTS,724,5,30034,8793924,-18.6486,-48.1692,1000,1
UMTS,724,5,30034,8812289,-19.3145,-47.5685,1000,1
UMTS,724,5,30034,8812386,-18.6426,-48.1698,1000,1
UMTS,724,5,30035,8848603,-22.8434,-46.3252,2174,38
UMTS,724,5,30035,8877496,-21.9699,-45.6317,1108,22
UMTS,724,5,30035,8877723,-21.9923,-45.6692,1000,21
UMTS,724,5,30035,8877880,-22.5914,-46.0533,1000,9
UMTS,724,5,30035,8879234,-22.8616,-46.3344,1562,21
UMTS,724,5,30121,119371758,-22.8745,-43.1656,1000,1
UMTS,724,5,30127,8353942,-20.1455,-40.2557,1000,1
UMTS,724,5,30137,9008449,-20.8291,-44.8144,1000,1
UMTS,724,5,30147,16283583,-26.9361,-48.9494,1000,1
UMTS,724,5,30147,16283752,-26.8622,-49.0873,1000,1
UMTS,724,5,30147,16313414,-26.8906,-49.2569,1000,1
UMTS,724,5,30177,11237173,-15.1233,-41.0322,1000,1
UMTS,724,5,30214,20609048,-22.069,-48.433,1000,11
UMTS,724,5,30214,20609068,-22.2295,-49.9489,1000,5
UMTS,724,5,30214,20609416,-22.2749,-49.5024,1000,16
UMTS,724,5,30214,20609430,-22.0271,-49.8174,1000,16
UMTS,724,5,30214,20638957,-22.2278,-49.6343,3139,49
UMTS,724,5,30214,20639129,-22.1043,-50.1944,3457,22
UMTS,724,5,30214,20639826,-22.4504,-48.7272,1000,23
UMTS,724,5,30216,20769992,-21.1739,-47.8124,1132,32
UMTS,724,5,30216,20772435,-21.1805,-47.8088,6775,30
UMTS,724,5,30216,20773542,-21.1358,-47.9853,2368,18
UMTS,724,5,30216,20773679,-21.1676,-47.8066,5904,50
UMTS,724,5,30216,20774749,-21.1773,-47.8044,5252,31
UMTS,724,5,30217,20805392,-20.6103,-49.6347,1000,1
UMTS,724,5,30227,14907195,-20.4599,-40.4645,1236,5
UMTS,724,5,30228,21473034,-20.7998,-40.789,1000,6
UMTS,724,5,30242,15794201,-25.37,-51.3263,2229,11
UMTS,724,5,30242,15854720,-25.4393,-51.8312,1000,1
UMTS,724,5,30245,9563447,-25.1376,-54.2188,1000,1
UMTS,724,5,30245,9563456,-25.1262,-53.8203,1000,1
UMTS,724,5,30248,9730199,-28.7761,-49.3221,1000,1
UMTS,724,5,30316,27293186,-21.5551,-48.4832,1990,50
UMTS,724,5,30316,27293195,-21.4648,-48.6141,4853,41
UMTS,724,5,30316,27293196,-21.5528,-48.4865,1690,50
UMTS,724,5,30316,27324645,-21.5033,-48.5584,1000,11
UMTS,724,5,30316,27324760,-21.6409,-48.2143,1000,22
UMTS,724,5,30316,27326211,-22.0387,-47.8788,5088,50
UMTS,724,5,30316,27326319,-21.8061,-48.1926,16908,50
UMTS,724,5,30316,27326385,-21.9171,-48.0392,3477,36
UMTS,724,5,30316,27326392,-21.9475,-48.007,1581,39
UMTS,724,5,30316,27326650,-21.5675,-48.3049,16407,30
UMTS,724,5,30317,27358962,-21.159,-49.1264,1444,15
UMTS,724,5,30317,27363164,-21.3159,-48.8159,1000,4
UMTS,724,5,30317,27363166,-21.3022,-48.8316,3558,6
UMTS,724,5,30317,27388716,-21.1633,-48.9865,2093,17
UMTS,724,5,30319,34043291,-22.8622,-47.0293,1000,10
UMTS,724,5,30319,34043310,-22.9393,-46.9938,1000,1
UMTS,724,5,30319,34073293,-22.9299,-47.0388,3836,49
UMTS,724,5,30319,34073378,-22.8941,-47.0166,6483,46
UMTS,724,5,30319,34076047,-22.8601,-47.1405,1000,3
UMTS,724,5,30319,34076099,-22.9288,-47.0113,1000,5
UMTS,724,5,30319,66843025,-22.8619,-47.0292,1000,5
UMTS,724,5,30334,8812386,-18.6409,-48.173,1000,1
UMTS,724,5,30335,8882262,-20.7456,-46.7544,1000,1
UMTS,724,5,30383,12024118,-7.249,-35.8864,1423,15
UMTS,724,5,30419,47180910,-22.7501,-47.2025,4855,44
UMTS,724,5,30419,47181787,-22.8329,-47.2194,1000,1
UMTS,724,5,30435,8874981,-22.4235,-45.4727,867,31
UMTS,724,5,30435,8877494,-22.4148,-45.4519,1000,10
UMTS,724,5,30435,8877886,-22.425,-45.4498,1000,16
UMTS,724,5,30435,8897494,-22.4165,-45.4508,1260,25
UMTS,724,5,30475,30929368,-12.2634,-39.0457,9347,41
UMTS,724,5,30475,30929371,-12.2267,-39.1133,1367,50
UMTS,724,5,30485,18709830,-3.8442,-38.5569,1000,1
UMTS,724,5,30519,53734153,-22.7361,-47.2874,4770,28
UMTS,724,5,30519,53734156,-22.7114,-47.3031,7376,50
UMTS,724,5,30519,53736648,-22.7785,-47.1689,1000,9
UMTS,724,5,30554,29814568,-28.2965,-52.3418,3751,10
UMTS,724,5,30554,29814571,-28.3096,-52.3118,6921,15
UMTS,724,5,30554,29814630,-28.675,-51.9524,4346,50
UMTS,724,5,30594,32208372,-6.0909,-49.9024,1000,2
UMTS,724,5,30594,32208896,-6.0505,-49.8854,1000,20
UMTS,724,5,30594,32209742,-6.1002,-49.8948,1000,20
UMTS,724,5,30612,20477295,-22.6508,-44.9665,1000,1
UMTS,724,5,30612,20478000,-22.5584,-44.8509,1000,1
UMTS,724,5,30612,20508803,-22.7285,-45.0773,1000,1
UMTS,724,5,30679,24868227,-10.9483,-37.0642,1000,1
UMTS,724,5,30741,42071035,-25.5562,-49.1838,1000,1
UMTS,724,5,30763,17266079,-10.6171,-48.375,1000,1
UMTS,724,5,30864,36892370,-17.9776,-47.8109,16703,27
UMTS,724,5,30912,20478264,-23.1717,-45.7925,1000,1
UMTS,724,5,30912,20478549,-23.2886,-46.038,1000,1
UMTS,724,5,30919,60289197,-22.4741,-47.5785,1000,1
UMTS,724,5,30919,60289201,-22.4153,-47.5558,1000,1
UMTS,724,5,30941,42069823,-25.5478,-48.5596,1000,1
UMTS,724,5,30946,9502827,-26.0763,-53.0548,1671,29
UMTS,724,5,30946,9563049,-26.1114,-53.0511,1000,11
UMTS,724,5,30946,9563899,-25.7227,-53.7538,1251,29
UMTS,724,5,31041,42070955,-25.4715,-49.663,1000,1
UMTS,724,5,31049,22841102,-26.7716,-53.4622,1000,4
UMTS,724,5,31119,40631056,-22.3752,-46.9402,1000,1
UMTS,724,5,31119,40631196,-22.2524,-47.3608,1000,1
UMTS,724,5,31119,40631520,-22.1162,-47.4125,4243,3
UMTS,724,5,31149,22836769,-27.1049,-52.6179,1000,9
UMTS,724,5,31149,22836910,-26.9962,-52.6488,1000,6
UMTS,724,5,31149,22837314,-27.1174,-52.6317,1000,4
UMTS,724,5,31149,22837792,-27.0021,-52.649,1304,29
UMTS,724,5,31149,22841061,-27.1066,-52.6136,1000,1
UMTS,724,5,31149,22841436,-26.9293,-52.6936,1000,7
UMTS,724,5,31219,34043291,-22.8584,-47.0294,1000,3
UMTS,724,5,31219,66811391,-23.0484,-47.0026,1000,2
UMTS,724,5,31219,66843107,-22.8442,-47.0735,1000,2
UMTS,724,5,31219,66843223,-23.0459,-46.9657,1000,1
UMTS,724,5,31219,66843406,-22.9994,-47.0318,1000,2
UMTS,724,5,31447,16282990,-26.896,-48.7012,1000,1
UMTS,724,5,31447,16286489,-26.1426,-48.6156,2810,3
UMTS,724,5,31447,16313782,-26.8668,-48.6838,1000,1
UMTS,724,5,31447,16316486,-26.6533,-48.6904,1000,1
UMTS,724,5,31447,16317813,-26.7978,-48.6785,1000,1
UMTS,724,5,31547,16313223,-27.1822,-48.6103,1000,1
UMTS,724,5,31547,16316591,-27.1295,-48.6104,1000,1
UMTS,724,5,31661,30274669,-15.7838,-47.9398,2169,38
UMTS,724,5,31661,30277380,-15.8361,-47.913,1000,1
UMTS,724,5,31811,217020028,-23.6557,-46.4638,1000,1
UMTS,724,5,31861,30242432,-15.7556,-47.9264,1000,4
UMTS,724,5,31861,30272988,-15.7324,-47.9022,888,44
UMTS,724,5,31861,30273075,-15.7629,-47.9299,4526,36
UMTS,724,5,31861,30273149,-15.7447,-47.9033,1712,21
UMTS,724,5,31862,30274990,-15.7526,-48.5907,1000,4
UMTS,724,5,31862,36862684,-14.5803,-49.1603,1000,1
UMTS,724,5,31862,36862703,-14.1565,-49.1205,1000,1
UMTS,724,5,31862,36894097,-15.0806,-48.8627,5403,26
UMTS,724,5,31862,36894787,-15.1911,-48.7741,1000,6
UMTS,724,5,31862,36894791,-15.1972,-48.7636,2540,39
UMTS,724,5,31961,30243481,-15.8782,-47.9948,1000,1
UMTS,724,5,32061,30277476,-15.8358,-48.033,1000,3
UMTS,724,5,32161,36830636,-15.6206,-47.9199,1000,1
UMTS,724,5,32261,30274990,-15.7776,-48.5379,1000,4
UMTS,724,5,32261,36829961,-15.7853,-48.4826,1000,6
UMTS,724,5,32261,36891260,-15.7538,-48.4195,1000,13
UMTS,724,5,32511,243234620,-23.4696,-46.1203,735,27
UMTS,724,5,32511,243237488,-23.411,-46.007,1000,1
UMTS,724,5,32511,243264573,-23.6079,-46.1561,5607,27
UMTS,724,5,32531,203782155,-19.2813,-44.3993,1000,1
UMTS,724,5,32531,203782235,-19.28,-44.4102,1000,1
UMTS,724,5,32575,11229063,-11.9576,-38.9746,1000,1
UMTS,724,5,32624,152139069,-22.3399,-43.1322,1000,1
UMTS,724,5,32624,152139335,-22.5065,-43.2176,1000,1
UMTS,724,5,32751,82016570,-29.6623,-51.1154,1000,1
UMTS,724,5,32911,210469770,-23.5634,-47.136,1000,3
UMTS,724,5,32921,171799993,-22.9639,-43.6479,1000,8
UMTS,724,5,32921,171800017,-22.97,-43.6317,1000,6
UMTS,724,5,32921,171800019,-22.9677,-43.6397,1000,10
UMTS,724,5,32921,171831243,-22.9473,-43.5821,1000,11
UMTS,724,5,32921,171833207,-22.9334,-43.6574,9589,34
UMTS,724,5,32921,171834862,-22.9711,-43.604,2770,21
UMTS,724,5,32921,171834965,-22.9413,-43.5811,1381,25
UMTS,724,5,32924,250476051,-22.6742,-43.8312,1000,1
UMTS,724,5,33321,184907288,-22.7014,-42.7988,1000,17
UMTS,724,5,33321,184907302,-22.7501,-42.817,1000,10
UMTS,724,5,33321,184907324,-22.7324,-42.8129,1000,1
UMTS,724,5,33321,184937333,-22.8026,-43.0385,2091,37
UMTS,724,5,33321,184941128,-22.5776,-42.7103,2934,40
UMTS,724,5,33321,184941129,-22.5782,-42.716,16885,29
UMTS,724,5,33482,11958093,-9.7929,-36.0792,1000,1
UMTS,724,5,33711,223604655,-23.6479,-46.6324,1000,2
UMTS,724,5,33711,223606013,-23.6411,-46.6271,1000,18
UMTS,724,5,34111,158068057,-23.4252,-46.5553,16698,50
UMTS,724,5,34111,158068059,-23.4393,-46.569,4008,50
UMTS,724,5,34181,31553127,-8.0359,-34.9021,1000,1
UMTS,724,5,34181,31553145,-8.0391,-34.9006,1000,1
UMTS,724,5,34181,31584026,-8.031,-34.9039,1070,29
UMTS,724,5,34311,151484405,-23.5147,-46.6371,1000,1
UMTS,724,5,34311,151484522,-23.5084,-46.6895,1000,6
UMTS,724,5,34311,151484523,-23.5094,-46.6897,1000,1
UMTS,724,5,34311,151513992,-23.5384,-46.6635,5391,50
UMTS,724,5,34311,151514119,-23.5079,-46.7024,4502,50
UMTS,724,5,34318,27192258,-22.6471,-50.3872,3891,50
UMTS,724,5,34318,27195810,-22.4658,-50.9559,3293,21
UMTS,724,5,34521,139066785,-22.8311,-43.2934,1000,1
UMTS,724,5,34621,145617363,-22.8684,-43.4154,5850,27
UMTS,724,5,34921,250474702,-22.9193,-43.5547,8186,37
UMTS,724,5,34921,250474782,-22.9154,-43.6016,1000,8
UMTS,724,5,34921,250474791,-22.9448,-43.6403,1000,2
UMTS,724,5,34921,250474815,-22.9095,-43.5642,1468,26
UMTS,724,5,34921,250475305,-22.9232,-43.6059,1513,50
UMTS,724,5,35021,211155626,-22.8997,-43.306,1000,17
UMTS,724,5,35121,211155878,-22.874,-43.2653,5423,23
UMTS,724,5,35213,20544246,-23.9562,-46.4485,1000,1
UMTS,724,5,35213,20545223,-23.8888,-46.4912,1000,1
UMTS,724,5,35213,20574612,-23.8899,-46.4404,5668,7
UMTS,724,5,35611,138376822,-23.5912,-46.6914,1000,4
UMTS,724,5,35611,138377000,-23.594,-46.5908,1000,3
UMTS,724,5,35611,138381001,-23.6308,-46.6446,1000,1
UMTS,724,5,35611,138406766,-23.6184,-46.6835,500,38
UMTS,724,5,35621,237340679,-22.9544,-43.0695,1000,1
UMTS,724,5,35721,243889558,-23.0121,-43.3832,1000,7
UMTS,724,5,35721,243889615,-22.9904,-43.4187,1000,2
UMTS,724,5,35721,243889969,-23.0116,-43.3776,1000,3
UMTS,724,5,35721,243890063,-23.0119,-43.3807,1160,28
UMTS,724,5,35721,243893803,-23.0144,-43.404,1000,4
UMTS,724,5,35721,243919598,-23.0142,-43.4453,1322,20
UMTS,724,5,35721,243919633,-23.0202,-43.4861,8994,13
UMTS,724,5,35721,243919634,-23.0186,-43.5054,1847,36
UMTS,724,5,35721,243919998,-23.0202,-43.4378,1000,2
UMTS,724,5,35721,243920548,-22.9885,-43.4415,23584,50
UMTS,724,5,35911,171178628,-23.8898,-46.5674,1000,1
UMTS,724,5,36011,177728208,-23.5078,-46.5718,1000,8
UMTS,724,5,36080,28165899,-23.4367,-47.0854,1000,1
UMTS,724,5,36111,184251902,-23.6157,-46.5807,1000,1
UMTS,724,5,36111,184282722,-23.6206,-46.6192,1000,9
UMTS,724,5,36111,184285365,-23.6024,-46.5932,843,34
UMTS,724,5,36111,184285379,-23.6107,-46.5868,1387,42
UMTS,724,5,36211,190805564,-23.4252,-46.7888,1000,1
UMTS,724,5,36211,190837736,-23.5185,-46.7392,1000,4
UMTS,724,5,36211,190838199,-23.5243,-46.747,1000,10
UMTS,724,5,36311,197358977,-23.2263,-46.5969,4916,12
UMTS,724,5,36311,197359174,-23.0556,-46.5689,1000,9
UMTS,724,5,36311,197359407,-23.3154,-46.5814,1191,18
UMTS,724,5,36311,197359411,-23.3395,-46.5703,2437,14
UMTS,724,5,36311,197359417,-23.2917,-46.5811,1438,17
UMTS,724,5,36311,197359706,-23.2576,-46.5929,1203,8
UMTS,724,5,36311,197391963,-22.9916,-46.5137,1000,15
UMTS,724,5,36311,197392039,-22.8868,-46.4013,9250,34
UMTS,724,5,36311,197392082,-23.0894,-46.6269,21350,43
UMTS,724,5,36311,197392398,-23.2034,-46.9,1100,37
UMTS,724,5,36311,197393000,-22.9502,-46.865,5638,10
UMTS,724,5,36311,197393196,-23.0927,-46.6274,1000,4
UMTS,724,5,37311,249787838,-23.4617,-47.1258,1231,23
UMTS,724,5,37311,249818738,-23.1784,-47.2715,1409,14
UMTS,724,5,37311,249818801,-23.348,-47.3258,4769,21
UMTS,724,5,37311,249818821,-23.3251,-47.3266,1000,12
UMTS,724,5,37311,249819080,-23.4036,-46.7596,3569,24
UMTS,724,5,37311,249819289,-23.2541,-47.3238,3299,20
UMTS,724,5,37511,262895246,-23.6574,-46.8505,1000,2
UMTS,724,5,38721,165280025,-22.8736,-43.2137,1000,1
UMTS,724,5,39941,9304502,-25.0957,-48.657,1000,1
UMTS,724,5,39941,9306103,-25.2376,-48.9053,1000,1
UMTS,724,5,39941,9306104,-25.2776,-48.9257,1000,1
UMTS,724,5,40145,115230730,-25.5366,-54.577,1000,1
UMTS,724,5,40271,181941769,-12.9129,-38.3476,1000,1
UMTS,724,5,40435,89738506,-22.4032,-44.9405,12038,47
UMTS,724,5,40685,217735178,-3.6217,-38.719,1000,4
UMTS,724,5,41219,48682249,-22.8296,-46.9922,1040,30
UMTS,724,5,41219,48825611,-22.8308,-46.9959,694,50
UMTS,724,5,41219,49003785,-22.832,-46.9965,1370,47
UMTS,724,5,41219,54276106,-22.8237,-46.9884,1000,3
UMTS,724,5,41219,230829334,-22.8235,-46.9847,744,50
UMTS,724,5,42311,28565769,-23.5725,-46.6463,1000,1
UMTS,724,5,44521,55119885,-22.8146,-43.2464,1000,1
UMTS,724,5,45611,28186634,-23.6242,-46.6617,1000,1
UMTS,724,5,46011,28580618,-23.5381,-46.611,1000,1
UMTS,724,5,50416,33846665,-20.3133,-47.8652,1000,1
UMTS,724,5,50449,22841137,-26.8677,-52.9649,1000,10
UMTS,724,5,50535,8882250,-21.313,-46.9011,1000,1
UMTS,724,5,50849,32285938,-26.7741,-52.4065,1000,6
UMTS,724,5,52262,36862722,-15.5437,-49.4416,1000,1
UMTS,724,5,52433,203783720,-19.0457,-43.0423,1000,1
UMTS,724,5,52496,115209733,-25.4797,-54.5811,1000,1
UMTS,724,5,52496,115211274,-25.5196,-54.5773,1000,1
UMTS,724,5,52496,115213578,-25.5127,-54.5942,1000,1
UMTS,724,5,52496,115214089,-25.5478,-54.5881,1000,1
UMTS,724,5,52496,115230218,-25.5312,-54.5658,1000,1
UMTS,724,5,52496,115232522,-25.5097,-54.5947,1000,1
UMTS,724,5,52954,29783526,-27.449,-52.8873,1000,8
UMTS,724,5,52982,11987746,-10.05,-36.7543,1000,1
UMTS,724,5,53775,30897902,-12.0674,-39.2903,2718,51
UMTS,724,5,54048,107526918,-25.4142,-51.6761,1000,1
UMTS,724,5,54387,31587586,-8.5806,-36.8804,1000,1
UMTS,724,5,54548,9759642,-27.7165,-48.6401,1000,1
UMTS,724,5,54624,152139198,-22.3237,-43.5226,1000,1
UMTS,724,5,54811,236680634,-23.5907,-46.7361,1000,1
UMTS,724,5,54819,40601780,-21.6388,-47.0472,1000,1
UMTS,724,5,54914,20609425,-21.8559,-49.5393,1000,6
UMTS,724,5,54947,16314019,-27.0831,-49.5239,1000,1
UMTS,724,5,65534,30833674,-23.2124,-45.9077,1000,1
GSM,724,6,1046,2312,-25.7654,-53.5636,2546,50
GSM,724,6,1462,1443,-16.4262,-49.0863,1000,1
GSM,724,6,1462,1622,-14.323,-49.1545,1000,1
GSM,724,6,1854,11522,-28.8047,-51.9098,11962,50
GSM,724,6,1954,12641,-29.0799,-51.1921,32568,50
GSM,724,6,2051,6381,-29.7543,-50.2144,1239,50
GSM,724,6,2955,15513,-29.9647,-55.4372,12987,7
GSM,724,6,2955,15541,-30.0918,-55.1679,13934,21
GSM,724,6,3551,10183,-30.229,-52.6725,17727,45
GSM,724,6,11654,14441,-27.2049,-52.5627,1000,1
GSM,724,6,12555,15823,-30.3462,-54.0007,1000,21
GSM,724,6,13334,372,-15.9305,-48.2379,1000,1
LTE,724,6,10751,179349527,-29.6806,-50.1469,6691,36
LTE,724,6,10755,179595287,-29.8701,-55.9678,16052,50
LTE,724,6,10755,179597079,-29.9785,-55.4272,1000,11
LTE,724,6,34545,128058893,-24.974,-53.4653,1000,1
LTE,724,6,34545,257287281,-24.9619,-53.483,1000,1
LTE,724,6,34570,258741981,-25.3558,-54.2457,1000,1
LTE,724,6,34570,267946697,-25.3558,-54.2458,1000,1
LTE,724,6,34711,128900117,-26.9165,-48.7032,1000,1
LTE,724,6,34711,128932147,-26.8883,-48.6879,1000,1
LTE,724,6,34747,257295873,-26.8859,-49.1401,1144,28
LTE,724,6,35151,257794583,-29.6525,-51.1454,3034,13
LTE,724,6,35151,257796711,-29.7104,-51.1342,1000,1
LTE,724,6,35401,179547669,-28.8226,-52.5121,1000,1
LTE,724,6,35423,257898007,-27.6215,-52.8406,1000,8
LTE,724,6,35467,179571990,-28.2713,-52.3647,1000,1
LTE,724,6,35543,257940483,-30.3585,-54.164,1000,21
LTE,724,6,35570,179592755,-29.8388,-56.9481,5339,39
LTE,724,6,35570,179593239,-29.9172,-56.6634,6667,36
LTE,724,6,35570,179593780,-30.014,-56.36,7017,23
LTE,724,6,35570,179593781,-30.002,-56.473,23626,25
LTE,724,6,35570,179673878,-29.7783,-57.0326,1183,32
LTE,724,6,35570,257833494,-29.7605,-57.0595,1000,9
LTE,724,6,35570,257833751,-29.7749,-57.0591,1000,21
LTE,724,6,35570,257833986,-29.7791,-57.0679,2222,19
LTE,724,6,35570,257834517,-29.7532,-57.0693,1000,4
LTE,724,6,35571,257841411,-29.8118,-55.8616,1000,10
LTE,724,6,35571,257841510,-29.8055,-55.7812,1000,20
LTE,724,6,35573,179602967,-30.2365,-54.7774,4273,44
LTE,724,6,35573,257858662,-30.3626,-54.3051,1000,6
LTE,724,6,35573,257858837,-30.3332,-54.3564,3911,40
LTE,724,6,35574,179608599,-30.3692,-53.4113,5456,39
LTE,724,6,36205,260167937,-16.4979,-49.4235,1000,1
LTE,724,6,36208,256388876,-16.4186,-49.2169,1000,1
LTE,724,6,36208,256405005,-16.4114,-49.2229,1000,1
LTE,724,6,36211,256335893,-15.918,-48.7943,2460,44
LTE,724,6,36646,256339980,-16.4407,-54.6775,1000,1
LTE,724,6,36744,43599117,-22.2272,-54.8028,1000,5
LTE,724,6,50141,128532236,-25.4366,-49.2527,1000,6
LTE,724,6,50141,128532247,-25.4373,-49.2604,1000,15
LTE,724,6,50141,128542742,-25.4263,-49.2705,1000,9
LTE,724,6,50141,128560641,-25.4451,-49.2692,1000,4
LTE,724,6,50141,128561922,-25.441,-49.2777,695,31
LTE,724,6,50141,128617218,-25.4347,-49.2635,1000,9
LTE,724,6,50141,129048321,-25.4266,-49.2617,1000,12
LTE,724,6,50141,129085707,-25.4444,-49.2816,1000,1
LTE,724,6,50141,129121282,-25.4453,-49.2753,1238,50
LTE,724,6,50141,129123597,-25.4185,-49.2663,2739,33
LTE,724,6,50141,129123861,-25.4343,-49.2621,1000,4
LTE,724,6,50141,129123862,-25.4332,-49.2595,1000,4
LTE,724,6,50141,129166859,-25.4372,-49.534,1000,1
LTE,724,6,50145,128035586,-25.2209,-53.9521,1000,2
LTE,724,6,50145,128046082,-25.5368,-54.546,1000,1
LTE,724,6,50241,128554036,-25.5643,-49.2508,1000,5
LTE,724,6,50241,128560387,-25.5074,-49.34,1000,14
LTE,724,6,50241,129113367,-25.4933,-49.3446,1000,1
LTE,724,6,50248,129305879,-27.4721,-48.4737,2225,49
LTE,724,6,50248,129351331,-27.5287,-48.6327,1000,1
LTE,724,6,50248,129463574,-27.6742,-48.5241,1181,39
LTE,724,6,50249,129378315,-27.2283,-52.0153,1000,1
LTE,724,6,50251,179395863,-29.9499,-50.961,1000,11
LTE,724,6,50251,179396119,-29.9515,-51.0288,9206,50
LTE,724,6,50251,179403011,-29.9538,-51.0503,1000,8
LTE,724,6,50341,128529410,-25.4098,-49.2198,806,43
LTE,724,6,50341,128529675,-25.4042,-49.2708,526,28
LTE,724,6,50341,128535318,-25.4064,-49.2857,1000,6
LTE,724,6,50341,128537613,-25.395,-49.3478,1000,1
LTE,724,6,50341,128539699,-25.4027,-49.3056,1000,1
LTE,724,6,50341,128539700,-25.4163,-49.2977,1000,14
LTE,724,6,50341,128539915,-25.4127,-49.3182,1000,7
LTE,724,6,50341,128543510,-25.4267,-49.2912,1000,13
LTE,724,6,50341,128544259,-25.4339,-49.3244,1076,21
LTE,724,6,50341,129035009,-25.4115,-49.3189,2248,14
LTE,724,6,50341,129057045,-25.4227,-49.2916,1000,14
LTE,724,6,50341,129057281,-25.4031,-49.3058,3570,50
LTE,724,6,50341,129135127,-25.4113,-49.2875,1588,4
LTE,724,6,50341,129156629,-25.43,-49.2955,1000,5
LTE,724,6,50341,129163267,-25.8112,-48.5509,1000,1
LTE,724,6,50343,128273410,-23.2945,-51.1956,1000,1
LTE,724,6,50343,128396556,-23.3512,-51.1473,1000,7
LTE,724,6,50351,179259405,-30.0227,-51.1968,1000,7
LTE,724,6,50351,179264023,-30.014,-51.1937,1000,4
LTE,724,6,50351,179266612,-30.014,-51.1922,1000,1
LTE,724,6,50441,128544011,-25.4664,-49.214,1000,1
LTE,724,6,50441,128544022,-25.4712,-49.2114,1000,9
LTE,724,6,50441,128546307,-25.4413,-49.2603,1000,15
LTE,724,6,50441,128566273,-25.4533,-49.2259,1000,9
LTE,724,6,50441,128652289,-25.4383,-49.2509,1000,3
LTE,724,6,50441,128652311,-25.4412,-49.2491,1000,19
LTE,724,6,50441,129047785,-25.4539,-49.2565,1000,1
LTE,724,6,50441,129117185,-25.462,-49.219,500,25
LTE,724,6,50441,129130263,-25.422,-49.2259,1000,19
LTE,724,6,50447,128925441,-26.7233,-49.1697,1578,50
LTE,724,6,50447,128925442,-26.7213,-49.1785,1071,21
LTE,724,6,50448,129422614,-29.042,-49.6136,1000,5
LTE,724,6,50541,128586241,-25.3715,-49.1307,930,26
LTE,724,6,50541,129031170,-25.5667,-49.1387,3393,50
LTE,724,6,50541,129062934,-25.7694,-49.1231,6856,50
LTE,724,6,50541,129074690,-25.361,-49.1755,3792,45
LTE,724,6,50541,129156865,-25.3447,-49.1616,1000,22
LTE,724,6,50541,129161730,-25.5366,-49.1729,1000,1
LTE,724,6,50541,129170198,-25.4563,-49.1076,1000,1
LTE,724,6,50642,129156375,-25.3846,-52.1424,1877,2
LTE,724,6,50647,128857613,-27.1341,-49.5425,1885,50
LTE,724,6,50741,128601109,-25.4797,-48.8348,15227,37
LTE,724,6,50741,129100033,-25.6053,-48.5551,1348,21
LTE,724,6,50741,129100034,-25.6243,-48.5433,1000,22
LTE,724,6,50751,179348503,-29.5908,-50.0737,3224,27
LTE,724,6,50751,179348533,-29.614,-50.0888,2134,10
LTE,724,6,50841,128597783,-25.3875,-49.061,1392,50
LTE,724,6,50951,179303447,-29.9877,-51.2576,1000,6
LTE,724,6,50951,179308301,-29.8909,-51.1762,1000,1
LTE,724,6,51051,179275317,-29.9801,-51.1154,1000,1
LTE,724,6,51141,128584460,-25.4524,-49.5489,1000,1
LTE,724,6,51141,128584962,-25.4366,-49.441,1000,1
LTE,724,6,51141,129120013,-25.4445,-49.5449,1000,1
LTE,724,6,51147,128805645,-26.7126,-48.6938,1000,1
LTE,724,6,51147,128848395,-26.838,-48.7721,1000,14
LTE,724,6,51167,43530007,-20.4278,-54.5734,1000,2
LTE,724,6,51247,128788757,-26.3344,-48.871,500,50
LTE,724,6,51247,128802316,-26.3356,-48.8467,1000,4
LTE,724,6,51247,128813078,-26.4972,-48.7307,2018,50
LTE,724,6,51247,128857100,-26.1846,-48.9102,1000,1
LTE,724,6,51247,128930839,-26.2293,-48.9152,1000,1
LTE,724,6,51247,128949270,-26.332,-48.8284,500,46
LTE,724,6,51351,179249153,-30.0349,-51.1945,1000,4
LTE,724,6,52051,179361537,-29.8772,-50.253,1814,8
LTE,724,6,52051,179409461,-29.886,-50.6054,3599,49
LTE,724,6,52051,179766067,-29.8415,-50.2458,799,31
LTE,724,6,52051,179778819,-29.883,-50.4407,1680,50
LTE,724,6,52051,179778839,-29.8896,-50.4627,1000,21
LTE,724,6,52151,179457589,-30.2015,-52.4397,1864,22
LTE,724,6,52151,179784755,-30.1695,-52.2016,1000,6
LTE,724,6,52555,179598389,-30.1436,-55.1974,11233,50
LTE,724,6,52555,179599411,-30.2451,-54.8324,1000,8
LTE,724,6,53551,179461141,-30.2668,-52.9189,6537,33
LTE,724,6,53851,179340802,-29.3156,-49.7742,1000,21
LTE,724,6,53851,179340823,-29.3073,-49.7763,1000,1
LTE,724,6,54151,179323444,-30.1244,-51.8986,4096,49
LTE,724,6,54151,179323700,-30.1281,-51.9524,1000,7
LTE,724,6,54151,179323701,-30.1364,-52.0033,1000,3
LTE,724,6,54151,179324469,-30.1079,-51.7514,1000,11
LTE,724,6,54151,179324981,-30.1071,-51.7705,1000,6
LTE,724,6,54161,25628417,-15.8206,-47.8829,1000,12
LTE,724,6,54161,25635093,-15.826,-47.9131,574,25
LTE,724,6,54161,25639435,-15.8229,-47.9223,1000,1
LTE,724,6,54161,25662229,-15.8269,-47.9513,1000,15
LTE,724,6,54162,30742068,-16.6644,-49.1761,1000,1
LTE,724,6,54162,30887947,-16.5778,-49.3919,1000,1
LTE,724,6,54163,33422861,-10.2322,-48.3207,1000,1
LTE,724,6,54163,33430806,-10.343,-48.3305,1000,1
LTE,724,6,54163,33431052,-10.2208,-48.3164,1000,1
LTE,724,6,54163,33432086,-10.2343,-48.322,1000,1
LTE,724,6,54163,33444404,-10.3579,-48.2918,1000,1
LTE,724,6,54163,33444876,-10.342,-48.2829,1000,1
LTE,724,6,54166,41100852,-16.8795,-53.6813,1000,1
LTE,724,6,54261,25605634,-15.9385,-48.1622,7408,27
LTE,724,6,54261,25608470,-15.9142,-48.1628,1000,1
LTE,724,6,54261,25613846,-15.7368,-48.2891,1000,7
LTE,724,6,54261,25664021,-15.8759,-48.0403,1405,50
LTE,724,6,54261,25679127,-15.7838,-48.129,1000,1
LTE,724,6,54261,25681163,-15.786,-48.2298,1000,8
LTE,724,6,54261,25685783,-15.749,-48.3532,3353,34
LTE,724,6,54261,25687063,-15.8925,-48.1518,2830,43
LTE,724,6,54261,25771111,-15.7399,-48.2912,8838,10
LTE,724,6,54261,25781269,-15.8748,-48.0351,1000,7
LTE,724,6,54262,30746370,-15.8579,-48.9606,1513,32
LTE,724,6,54262,30754315,-15.5054,-49.6403,1000,1
LTE,724,6,54262,30754327,-15.5138,-49.6744,1000,1
LTE,724,6,54262,30799668,-15.0772,-48.9077,1628,50
LTE,724,6,54262,30807565,-16.0353,-49.8013,1000,1
LTE,724,6,54262,30812469,-14.981,-48.925,1000,1
LTE,724,6,54262,30815511,-15.8633,-48.9673,1000,24
LTE,724,6,54262,30823949,-16.0124,-49.8013,1000,1
LTE,724,6,54262,30824459,-15.7348,-49.3154,1000,1
LTE,724,6,54263,33411125,-7.1913,-48.2324,1000,1
LTE,724,6,54361,25664769,-15.7679,-47.9378,8946,28
LTE,724,6,54361,25678337,-15.7694,-47.9072,1000,1
LTE,724,6,54361,25700354,-15.7878,-48.0106,1313,20
LTE,724,6,54361,25701429,-15.7953,-47.9498,1000,1
LTE,724,6,54361,25707009,-15.811,-47.9373,4003,29
LTE,724,6,54361,25707030,-15.8109,-47.9468,1000,23
LTE,724,6,54361,25718323,-15.7681,-47.9347,1000,11
LTE,724,6,54361,25724675,-15.7981,-47.9142,1000,8
LTE,724,6,54361,25761282,-15.7805,-47.9243,500,32
LTE,724,6,54361,25779971,-15.7808,-47.9045,1000,6
LTE,724,6,54361,28222475,-15.8014,-47.9464,1000,12
LTE,724,6,54361,28226305,-15.7936,-47.9427,24554,26
LTE,724,6,54361,28241409,-15.7865,-47.8994,1000,15
LTE,724,6,54361,28241411,-15.7857,-47.9021,1000,21
LTE,724,6,54361,28241420,-15.7897,-47.8971,1000,15
LTE,724,6,54362,30747916,-16.3512,-48.9395,1000,1
LTE,724,6,54362,30756876,-16.4115,-48.987,1000,1
LTE,724,6,54362,30884867,-16.4045,-48.9139,1000,1
LTE,724,6,54362,30900245,-16.3635,-48.9401,1000,1
LTE,724,6,54362,30900757,-16.3056,-48.9424,1000,1
LTE,724,6,54364,35870999,-17.7102,-48.6916,2376,3
LTE,724,6,54365,38402061,-15.6503,-55.9982,1000,1
LTE,724,6,54461,25617235,-16.049,-48.0118,1000,1
LTE,724,6,54461,25748749,-15.9891,-48.0449,1000,2
LTE,724,6,54561,25636610,-15.7852,-47.8927,1214,27
LTE,724,6,54561,25636660,-15.7921,-47.8937,4157,50
LTE,724,6,54561,25638963,-15.7939,-47.8841,1000,4
LTE,724,6,54561,25641013,-15.794,-47.8789,1000,1
LTE,724,6,54561,25644311,-15.7839,-47.8766,1000,5
LTE,724,6,54561,25648642,-15.7991,-47.9005,843,29
LTE,724,6,54561,25649175,-15.7881,-47.8732,1082,10
LTE,724,6,54561,25674241,-15.8039,-47.8889,2597,12
LTE,724,6,54561,25695767,-15.7818,-47.8954,1000,7
LTE,724,6,54561,25753347,-15.7875,-47.8918,1000,9
LTE,724,6,54561,28187926,-15.8095,-47.8922,1000,5
LTE,724,6,54562,30721077,-16.8115,-49.2411,1000,1
LTE,724,6,54562,30827798,-16.7622,-49.2293,1000,1
LTE,724,6,54651,179425557,-29.6567,-51.1462,1000,10
LTE,724,6,54661,25606197,-15.6443,-47.7999,1000,3
LTE,724,6,54661,25608981,-15.6781,-47.8595,1000,3
LTE,724,6,54661,25684493,-15.6703,-47.8541,1000,7
LTE,724,6,54661,25756183,-15.6612,-47.8047,1000,6
LTE,724,6,54662,30825485,-16.6589,-49.36,1000,1
LTE,724,6,54662,30850327,-16.7573,-49.3379,1000,1
LTE,724,6,54761,25668098,-15.8778,-48.0071,578,50
LTE,724,6,54761,25677590,-15.8287,-48.0186,1000,3
LTE,724,6,54761,25737996,-15.8023,-48.0571,1000,3
LTE,724,6,54761,25747457,-15.8278,-48.0502,1000,7
LTE,724,6,54761,25747459,-15.8202,-48.0572,1000,12
LTE,724,6,54761,25754115,-15.7986,-48.0739,1000,17
LTE,724,6,54762,30723350,-16.6078,-49.2536,1000,1
LTE,724,6,54762,30762803,-16.6242,-49.2066,1000,1
LTE,724,6,54762,30792213,-16.601,-49.202,1000,1
LTE,724,6,54762,30853377,-16.6359,-49.2055,1000,1
LTE,724,6,54762,30853399,-16.6557,-49.2035,1000,1
LTE,724,6,54762,30878743,-16.6302,-49.2159,1000,1
LTE,724,6,54763,33433653,-10.1967,-48.9071,1000,1
LTE,724,6,54862,30722357,-16.7042,-49.2449,1000,1
LTE,724,6,54862,30722611,-16.7082,-49.2502,1000,1
LTE,724,6,54862,30738179,-16.7099,-49.2394,1000,1
LTE,724,6,54862,30789172,-16.7041,-49.2534,1000,1
LTE,724,6,54862,30792469,-16.714,-49.2514,1000,1
LTE,724,6,54862,30842647,-16.6731,-49.2303,1000,1
LTE,724,6,54961,25734659,-15.8727,-47.9778,1000,9
LTE,724,6,55041,128550422,-25.6966,-49.1429,1000,1
LTE,724,6,55141,128610316,-25.2565,-48.9123,3114,23
LTE,724,6,55141,128610837,-25.1248,-48.8558,1406,50
LTE,724,6,55141,128611350,-25.1109,-48.7584,1345,50
LTE,724,6,55145,128015925,-25.471,-54.591,1000,1
LTE,724,6,55261,25625857,-15.7898,-47.8469,1000,11
LTE,724,6,55261,25625858,-15.7943,-47.8417,1510,30
LTE,724,6,55261,25627403,-15.7739,-47.8629,1000,18
LTE,724,6,55261,25632770,-15.7707,-47.8948,573,32
LTE,724,6,55261,25640204,-15.7888,-47.8943,1000,9
LTE,724,6,55261,25640205,-15.7784,-47.9033,1000,11
LTE,724,6,55261,25642243,-15.7387,-47.9081,1021,22
LTE,724,6,55261,25644546,-15.7479,-47.8959,1000,1
LTE,724,6,55261,25659916,-15.7495,-47.909,2516,26
LTE,724,6,55261,25679617,-15.7341,-47.8954,1000,24
LTE,724,6,55261,25679627,-15.7338,-47.8951,1000,8
LTE,724,6,55261,25705987,-15.7612,-47.9027,1040,22
LTE,724,6,55261,25725953,-15.7634,-47.8812,1000,1
LTE,724,6,55261,25729045,-15.7338,-47.8994,1000,6
LTE,724,6,55261,25743873,-15.7371,-47.8835,1000,7
LTE,724,6,55261,25743883,-15.7401,-47.882,1000,11
LTE,724,6,55361,25631234,-15.8072,-47.8507,844,50
LTE,724,6,55361,25631285,-15.8006,-47.8523,548,41
LTE,724,6,55361,25636098,-15.8737,-47.8367,1000,1
LTE,724,6,55361,25651970,-15.8477,-47.8156,1950,35
LTE,724,6,55361,25651971,-15.8224,-47.8326,1956,31
LTE,724,6,55361,25655575,-15.8365,-47.901,1170,20
LTE,724,6,55361,25659670,-15.8301,-47.8906,1000,4
LTE,724,6,55361,25669377,-15.8471,-47.9362,1000,10
LTE,724,6,55361,25689140,-15.8194,-47.8326,1000,1
LTE,724,6,55361,25696307,-15.8176,-47.852,6126,6
LTE,724,6,55361,25702708,-15.8171,-47.8413,1000,5
LTE,724,6,55361,25725197,-15.8476,-47.8164,1000,13
LTE,724,6,55361,25729559,-15.8292,-47.8301,3883,11
LTE,724,6,55361,25762818,-15.8439,-47.9294,1000,11
LTE,724,6,55361,28249601,-15.8604,-47.8288,1000,23
LTE,724,6,57041,128571700,-25.547,-48.7894,1000,6
LTE,724,6,60148,129374771,-29.1745,-49.7473,2697,47
LTE,724,6,60148,129420812,-29.2736,-49.7547,1000,5
LTE,724,6,60162,30750231,-16.1052,-49.6922,1000,1
LTE,724,6,61141,128614423,-25.4694,-49.6575,1000,1
NR,724,6,51247,128788738,-26.3305,-48.8677,777,25
NR,724,6,51247,128790028,-26.34,-48.8534,1000,24
NR,724,6,51247,128802327,-26.3332,-48.8525,1000,23
NR,724,6,51247,128898837,-26.3288,-48.7983,1000,3
NR,724,6,51247,128935957,-26.3342,-48.8317,1000,12
UMTS,724,6,17424,128560407,-25.5114,-49.3368,1000,2
UMTS,724,6,17424,128613909,-25.563,-49.2124,1000,1
UMTS,724,6,22224,128565525,-25.5139,-49.1288,1000,1
UMTS,724,6,25424,128577813,-25.5157,-48.5028,1000,1
UMTS,724,6,28688,128550422,-25.7127,-49.1385,1000,1
UMTS,724,6,30146,9563126,-26.1473,-53.0028,1000,3
UMTS,724,6,30288,128611606,-25.101,-48.6963,1000,1
UMTS,724,6,30449,3266917,-26.8961,-52.7021,1000,16
UMTS,724,6,30546,2950752,-26.2707,-52.7925,1076,25
UMTS,724,6,40145,2949711,-25.4811,-54.5001,4511,10
UMTS,724,6,40145,2950521,-25.5353,-54.5739,2775,27
UMTS,724,6,40145,2991153,-25.2922,-54.1093,4401,8
UMTS,724,6,40146,2949593,-25.8229,-53.5435,25247,31
UMTS,724,6,40249,32284877,-26.9041,-52.9091,1000,9
UMTS,724,6,40341,2707683,-25.4203,-49.2924,1000,14
UMTS,724,6,40341,2712693,-25.4241,-49.2943,1000,1
UMTS,724,6,40441,2731131,-25.4133,-49.2239,1000,22
UMTS,724,6,40512,179704342,-32.1192,-52.1163,1000,1
UMTS,724,6,40541,9280858,-25.5731,-49.1542,7989,38
UMTS,724,6,40547,3111819,-27.1497,-48.5078,2595,50
UMTS,724,6,40547,3112844,-27.0286,-48.6061,1633,21
UMTS,724,6,40547,3113724,-27.1409,-48.5931,1000,2
UMTS,724,6,40547,3115465,-26.9931,-48.6367,1000,7
UMTS,724,6,40547,3115657,-26.9831,-48.6419,1154,50
UMTS,724,6,40547,3119065,-27.1501,-48.5852,3281,4
UMTS,724,6,41141,9282247,-25.4454,-49.4805,1000,1
UMTS,724,6,45145,2949462,-25.5453,-54.5822,4098,27
UMTS,724,6,45145,2949465,-25.5536,-54.5696,9516,27
UMTS,724,6,45145,2949487,-25.5109,-54.5931,1000,11
UMTS,724,6,45145,2949541,-25.4483,-54.5845,1000,8
UMTS,724,6,45145,2950555,-25.5516,-54.5662,2137,19
UMTS,724,6,45145,2951501,-25.5618,-54.5609,1000,12
UMTS,724,6,50149,32285297,-26.6134,-52.803,1000,8
UMTS,724,6,52245,29668777,-25.1003,-52.9754,1000,1
UMTS,724,6,54046,29204543,-25.9694,-53.3965,1000,4
UMTS,724,6,60752,128614423,-25.4716,-49.6628,1000,1
UMTS,724,6,60752,129120023,-25.4425,-49.5427,1000,1
GSM,724,10,0,7,-21.0371,-49.6906,1000,8
GSM,724,10,0,21,-21.0371,-49.6906,1000,8
GSM,724,10,0,22,-21.0371,-49.6906,1000,8
GSM,724,10,315,2191,-23.7167,-47.4222,5689,48
GSM,724,10,1519,5523,-22.3183,-47.6592,1000,24
GSM,724,10,3516,50514,-20.7102,-47.5085,7456,15
GSM,724,10,3516,50616,-20.7702,-47.5393,2377,24
GSM,724,10,8726,132,-23.0899,-48.9103,1000,1
LTE,724,10,19453,3007189,-22.1424,-48.4642,1000,6
LTE,724,10,31110,208233228,-23.5279,-46.901,1000,1
LTE,724,10,31110,208233229,-23.5289,-46.9041,1000,1
LTE,724,10,31110,258104579,-23.5185,-46.9281,1000,1
LTE,724,10,31111,204952343,-23.5307,-46.1584,1115,19
LTE,724,10,31111,205454339,-23.5148,-46.1781,1000,2
LTE,724,10,31111,205587252,-23.5516,-46.2013,1062,24
LTE,724,10,31111,205861981,-23.5158,-46.1882,1000,1
LTE,724,10,31111,205946931,-23.5296,-46.2225,2097,25
LTE,724,10,31111,207382294,-23.4768,-46.2389,1000,17
LTE,724,10,31111,207697429,-23.5108,-46.2229,1629,14
LTE,724,10,31111,258050150,-23.5224,-46.1992,1000,3
LTE,724,10,31111,258051073,-23.5162,-46.1804,7036,30
LTE,724,10,31111,258051076,-23.5166,-46.1794,1000,18
LTE,724,10,31111,258053223,-23.5893,-46.174,1212,43
LTE,724,10,31111,258054501,-23.547,-46.2018,6304,17
LTE,724,10,31111,258089217,-23.5082,-46.2075,1000,3
LTE,724,10,31112,208246550,-23.3322,-46.7282,1000,6
LTE,724,10,31112,258061315,-23.3286,-46.7257,1000,5
LTE,724,10,31112,258079048,-23.3307,-46.7268,1000,4
LTE,724,10,31113,204813846,-23.4141,-47.2674,929,32
LTE,724,10,31113,258066701,-23.2655,-47.3168,1000,4
LTE,724,10,31114,205652758,-23.2722,-46.7495,1000,23
LTE,724,10,31114,205663511,-23.268,-46.7517,1000,13
LTE,724,10,31114,258072598,-23.206,-46.8235,1000,6
LTE,724,10,31114,258077207,-23.2756,-46.7455,1000,14
LTE,724,10,31114,258088725,-23.2078,-46.8383,1000,18
LTE,724,10,31120,205109013,-23.7554,-46.7956,1052,7
LTE,724,10,31120,258080012,-23.7195,-46.8095,1000,1
LTE,724,10,31120,258080258,-23.7526,-46.8002,1088,27
LTE,724,10,31120,258080770,-23.7256,-46.8081,1177,31
LTE,724,10,31120,258081559,-23.6988,-46.8676,1047,15
LTE,724,10,31121,204811030,-23.0504,-46.6667,1000,21
LTE,724,10,31121,204931892,-23.1022,-46.6057,1000,4
LTE,724,10,31121,204943883,-23.0223,-46.7506,2885,21
LTE,724,10,31121,207592204,-23.011,-46.7652,1000,1
LTE,724,10,31121,207671348,-23.0549,-46.5671,1000,1
LTE,724,10,31121,258062102,-23.0102,-46.8044,2394,19
LTE,724,10,31121,258064130,-22.9926,-46.7984,1816,30
LTE,724,10,31121,258075669,-22.9689,-46.5102,1000,1
LTE,724,10,31121,258088961,-23.1019,-46.5474,2967,23
LTE,724,10,31123,258069269,-23.6956,-46.4389,1000,1
LTE,724,10,31123,258069270,-23.6955,-46.4213,940,39
LTE,724,10,31123,258069351,-23.7042,-46.4307,1136,30
LTE,724,10,31123,258069507,-23.7156,-46.4157,2868,50
LTE,724,10,31123,258084865,-23.6787,-46.4006,2653,32
LTE,724,10,31123,258086658,-23.6539,-46.3492,16881,24
LTE,724,10,31125,205634581,-23.2012,-47.322,1495,10
LTE,724,10,31125,258070805,-23.2155,-47.2673,1000,1
LTE,724,10,31148,17671553,-23.6179,-46.6832,1000,1
LTE,724,10,31212,231053671,-23.0372,-45.5782,1000,7
LTE,724,10,31212,231140710,-23.0411,-45.5687,500,25
LTE,724,10,31212,231141132,-23.0462,-45.5888,1315,49
LTE,724,10,31212,258349827,-23.0259,-45.5874,5986,33
LTE,724,10,31215,19547918,-23.3688,-45.1442,1000,7
LTE,724,10,31226,230583603,-22.8589,-45.6126,1137,46
LTE,724,10,31226,231100182,-22.9352,-45.3741,1000,1
LTE,724,10,31231,230579459,-23.342,-45.2678,1000,11
LTE,724,10,31401,20989709,-22.4463,-49.1595,1000,12
LTE,724,10,31431,258472757,-22.4935,-49.3435,5104,23
LTE,724,10,31432,258454325,-22.3543,-50.1596,6822,50
LTE,724,10,31452,19455242,-22.3187,-50.1732,1000,6
LTE,724,10,31498,258830870,-21.9717,-49.7216,1000,6
LTE,724,10,31601,231062551,-21.9908,-47.888,1000,13
LTE,724,10,31601,231165717,-21.971,-47.9559,4230,30
LTE,724,10,31601,231194903,-22.0017,-47.87,697,43
LTE,724,10,31601,258336307,-21.9896,-47.8904,1000,1
LTE,724,10,31605,230605079,-21.725,-48.3164,9514,38
LTE,724,10,31605,230750261,-21.7482,-48.1357,1000,1
LTE,724,10,31605,230910772,-21.784,-48.182,1000,12
LTE,724,10,31605,230937960,-21.7918,-48.1723,1000,5
LTE,724,10,31605,230967605,-21.7666,-48.188,1000,9
LTE,724,10,31605,230967830,-21.793,-48.1815,1000,10
LTE,724,10,31605,230967911,-21.7897,-48.183,1515,22
LTE,724,10,31605,230987541,-21.7461,-48.1667,2974,11
LTE,724,10,31605,231040243,-21.7995,-48.1697,1000,5
LTE,724,10,31605,231061773,-21.788,-48.1737,516,37
LTE,724,10,31605,231061782,-21.7878,-48.1682,1000,12
LTE,724,10,31605,231061783,-21.7873,-48.1756,562,36
LTE,724,10,31605,231170071,-21.8355,-48.1547,689,33
LTE,724,10,31605,231229707,-21.8145,-48.1841,1446,37
LTE,724,10,31605,231229718,-21.828,-48.1652,2066,43
LTE,724,10,31605,231260182,-21.7658,-48.1918,1723,28
LTE,724,10,31605,231265077,-21.8171,-48.1985,1000,7
LTE,724,10,31605,258312962,-21.7968,-48.1667,2729,30
LTE,724,10,31605,258313317,-21.7704,-48.1726,1074,21
LTE,724,10,31605,258313495,-21.8236,-48.19,4921,26
LTE,724,10,31605,258313574,-21.8094,-48.1536,1000,22
LTE,724,10,31605,258313985,-21.7848,-48.1938,2060,41
LTE,724,10,31605,258313995,-21.7821,-48.1941,1000,21
LTE,724,10,31605,258314007,-21.8095,-48.2003,5238,43
LTE,724,10,31605,258314263,-21.8065,-48.1936,1586,22
LTE,724,10,31605,258314549,-21.7563,-48.1808,1000,5
LTE,724,10,31605,258315287,-21.7267,-48.184,2765,47
LTE,724,10,31605,258315571,-21.7135,-48.201,5664,48
LTE,724,10,31605,258316033,-21.8157,-48.1695,4063,32
LTE,724,10,31605,258316291,-21.8045,-48.1937,1029,31
LTE,724,10,31605,258316391,-21.8044,-48.1936,1000,22
LTE,724,10,31605,258351361,-21.7813,-48.1633,5240,49
LTE,724,10,31605,258351381,-21.7879,-48.1658,1000,5
LTE,724,10,31611,258437645,-21.244,-47.9758,1000,1
LTE,724,10,31697,19431937,-21.9125,-48.3133,1000,6
LTE,724,10,31697,23918091,-22.0815,-48.4418,1000,5
LTE,724,10,31702,230971699,-20.481,-48.6114,1000,1
LTE,724,10,31702,258383125,-20.4662,-48.6163,1000,1
LTE,724,10,31702,258383207,-20.5146,-48.602,1000,1
LTE,724,10,31702,258391308,-21.1802,-48.9615,1453,50
LTE,724,10,31702,258391318,-21.2046,-48.9366,1111,21
LTE,724,10,31717,230820364,-20.8475,-49.407,1000,4
LTE,724,10,31717,231118859,-20.8321,-49.3609,1000,3
LTE,724,10,31717,258339431,-20.8252,-49.3861,1000,14
LTE,724,10,31717,258339605,-20.8182,-49.3967,500,32
LTE,724,10,31717,258339943,-20.83,-49.3899,1000,9
LTE,724,10,31717,258340621,-20.8444,-49.3729,1488,26
LTE,724,10,31717,258343180,-20.8441,-49.3908,1000,7
LTE,724,10,31717,258344471,-20.8473,-49.4008,1000,10
LTE,724,10,31717,258345239,-20.8836,-49.4254,1655,43
LTE,724,10,31717,258345750,-20.9222,-49.2782,9047,27
LTE,724,10,31802,230670899,-21.3129,-50.3546,1646,14
LTE,724,10,31802,230952717,-21.206,-50.4238,1000,5
LTE,724,10,31802,230979595,-21.2475,-50.39,1000,1
LTE,724,10,31802,258385175,-21.3105,-50.3559,2135,14
LTE,724,10,31807,258448661,-22.1311,-50.8556,1022,21
LTE,724,10,31818,230911284,-22.1486,-51.2558,4149,24
LTE,724,10,31818,230926869,-22.1704,-51.3793,1246,34
LTE,724,10,31818,258330901,-22.0991,-51.3872,1000,1
LTE,724,10,31818,258331159,-22.1145,-51.4134,1000,13
LTE,724,10,31818,258332171,-22.1226,-51.404,500,30
LTE,724,10,31818,258332212,-22.124,-51.4036,1000,2
LTE,724,10,31818,258332930,-22.152,-51.3795,1362,50
LTE,724,10,31818,258332940,-22.1736,-51.3748,5235,21
LTE,724,10,31818,258332949,-22.1244,-51.3735,1000,6
LTE,724,10,31818,258333462,-22.1046,-51.392,1018,19
LTE,724,10,31831,258473013,-21.854,-52.0022,3850,21
LTE,724,10,31901,231157526,-23.1053,-47.239,1000,1
LTE,724,10,31901,231162637,-23.1306,-47.219,1000,1
LTE,724,10,31901,231162647,-23.1274,-47.2168,1000,1
LTE,724,10,31901,231162675,-23.1138,-47.2129,1000,9
LTE,724,10,31901,231296565,-23.1069,-47.2021,1000,1
LTE,724,10,31901,258317414,-23.0918,-47.1851,1000,13
LTE,724,10,31901,258317835,-23.0616,-47.1553,1000,1
LTE,724,10,31905,231226647,-22.9034,-47.1737,1000,1
LTE,724,10,31905,231233549,-22.8982,-47.2172,1000,6
LTE,724,10,31905,231305751,-22.9822,-47.0411,1000,1
LTE,724,10,31930,231288343,-22.3306,-47.3893,1000,6
LTE,724,10,31930,258356491,-22.3511,-47.3856,1000,1
LTE,724,10,31930,258356759,-22.3331,-47.3897,1000,17
LTE,724,10,31930,258357234,-22.4091,-47.39,1000,11
LTE,724,10,31930,258357863,-22.393,-47.3923,1562,21
LTE,724,10,31931,258376937,-22.4298,-47.5788,1000,1
LTE,724,10,31931,258376973,-22.4106,-47.5844,1000,9
LTE,724,10,31931,258377475,-22.4154,-47.5606,1000,1
LTE,724,10,31931,258401637,-22.446,-47.5745,1000,1
LTE,724,10,31931,258429799,-22.437,-47.5604,1000,1
LTE,724,10,31932,231208725,-22.7413,-47.4523,1957,50
LTE,724,10,31932,258402829,-22.7968,-47.4092,1420,17
LTE,724,10,31933,230869557,-22.6757,-47.5988,1000,4
LTE,724,10,31933,230994711,-22.6223,-47.4577,3807,21
LTE,724,10,31933,231055205,-22.6167,-47.5987,4789,9
LTE,724,10,31933,231062886,-22.5566,-47.3984,1000,1
LTE,724,10,31933,231062887,-22.5549,-47.3977,1000,1
LTE,724,10,31933,231160853,-22.5207,-47.3924,1289,34
LTE,724,10,31933,231207957,-22.5472,-47.4624,1000,6
LTE,724,10,31933,258319894,-22.5518,-47.3716,1256,31
LTE,724,10,31933,258326580,-22.712,-47.6096,1000,5
LTE,724,10,40214,36293386,-22.1558,-48.4733,1000,3
LTE,724,10,40316,41185035,-21.9165,-48.3165,1683,26
LTE,724,10,40316,41871106,-21.3094,-48.1286,1000,17
LTE,724,10,43714,35862799,-22.5395,-49.3459,1000,6
LTE,724,10,43714,36293386,-22.1561,-48.4735,1000,9
LTE,724,10,44318,46123022,-22.3174,-51.2108,1000,6
LTE,724,10,44318,47264779,-22.1686,-51.3283,1000,11
LTE,724,10,50111,204832771,-23.5755,-46.6646,8804,29
LTE,724,10,50111,204890627,-23.5604,-46.6722,1000,1
LTE,724,10,50111,204945922,-23.5603,-46.6692,4528,21
LTE,724,10,50111,205081347,-23.6068,-46.652,5023,32
LTE,724,10,50111,205169667,-23.5579,-46.66,1000,1
LTE,724,10,50111,205277769,-23.6034,-46.6513,1000,1
LTE,724,10,50111,205342211,-23.5734,-46.655,1000,2
LTE,724,10,50111,205521155,-23.5794,-46.6611,500,25
LTE,724,10,50111,205550347,-23.558,-46.6811,1000,12
LTE,724,10,50111,205692951,-23.584,-46.6535,2330,22
LTE,724,10,50112,230566196,-23.2255,-45.8333,1000,2
LTE,724,10,50112,230568471,-23.1858,-45.893,6942,27
LTE,724,10,50112,230572309,-23.2002,-45.8668,2646,41
LTE,724,10,50112,230573108,-23.2707,-46.0585,2215,51
LTE,724,10,50112,230574357,-23.2909,-45.9549,1000,18
LTE,724,10,50112,230576139,-23.1755,-45.8778,782,50
LTE,724,10,50112,230585621,-23.2567,-45.8596,24785,21
LTE,724,10,50112,230588183,-23.2175,-45.8989,2457,26
LTE,724,10,50112,230588361,-23.2064,-45.8858,588,27
LTE,724,10,50112,230593025,-23.2405,-45.8911,1000,2
LTE,724,10,50112,230595861,-23.2675,-45.8334,26688,29
LTE,724,10,50112,230598412,-23.2936,-45.8782,21362,26
LTE,724,10,50112,230600707,-23.197,-45.8855,936,27
LTE,724,10,50112,230708739,-23.2156,-45.9081,771,27
LTE,724,10,50112,230708757,-23.2099,-45.901,985,27
LTE,724,10,50112,230710785,-23.2796,-45.9814,530,31
LTE,724,10,50112,230714645,-23.2182,-45.9025,1571,25
LTE,724,10,50112,230861835,-23.21,-45.8981,500,50
LTE,724,10,50112,230963724,-23.2408,-45.8707,1390,25
LTE,724,10,50112,230969858,-23.1251,-45.732,1000,1
LTE,724,10,50112,230969859,-23.2187,-45.8479,1350,50
LTE,724,10,50112,231044365,-23.2269,-45.8814,8683,50
LTE,724,10,50112,231053058,-23.2033,-45.8899,1000,21
LTE,724,10,50112,231053079,-23.2075,-45.8985,1586,21
LTE,724,10,50112,231054339,-23.2071,-45.906,1000,21
LTE,724,10,50112,231054349,-23.207,-45.9061,1000,24
LTE,724,10,50112,231057410,-23.2083,-45.8931,1278,24
LTE,724,10,50112,231075585,-23.1606,-45.8024,8215,15
LTE,724,10,50112,231106305,-23.2417,-45.9235,1000,24
LTE,724,10,50112,231122946,-23.3065,-46.0449,1000,21
LTE,724,10,50112,231123203,-23.1863,-45.7939,1000,6
LTE,724,10,50112,231123714,-23.2281,-45.9009,500,36
LTE,724,10,50112,231125772,-23.1784,-45.86,1000,1
LTE,724,10,50112,231126531,-23.1868,-45.8546,1550,25
LTE,724,10,50112,231127819,-23.1848,-45.8908,3538,16
LTE,724,10,50112,231127821,-23.2045,-45.9045,1120,48
LTE,724,10,50112,231127829,-23.191,-45.8922,1037,22
LTE,724,10,50112,231127831,-23.1976,-45.9025,1685,38
LTE,724,10,50112,231138315,-23.3392,-46.0144,1722,21
LTE,724,10,50112,231140117,-23.2308,-45.9113,1000,3
LTE,724,10,50112,231147789,-23.2384,-45.9199,1000,19
LTE,724,10,50112,231153153,-23.2504,-45.9386,2498,26
LTE,724,10,50112,231153687,-23.2144,-45.75,1000,21
LTE,724,10,50112,231172373,-23.3071,-45.9432,623,30
LTE,724,10,50112,231209986,-23.1844,-45.8777,1000,9
LTE,724,10,50112,231837441,-23.3448,-46.0166,1100,22
LTE,724,10,50114,230402101,-22.3138,-49.4839,4869,24
LTE,724,10,50114,230403595,-22.3227,-49.0656,1000,8
LTE,724,10,50114,230405634,-22.3367,-48.9968,15789,34
LTE,724,10,50114,230406145,-22.3191,-49.0569,3463,50
LTE,724,10,50114,230409729,-22.3125,-49.0571,6708,28
LTE,724,10,50114,230412043,-22.3188,-49.0548,1000,3
LTE,724,10,50114,230414614,-22.3108,-49.484,5419,50
LTE,724,10,50114,230429207,-22.3274,-48.9367,1313,31
LTE,724,10,50114,230430260,-22.4143,-48.7324,1495,17
LTE,724,10,50114,230433559,-22.3494,-49.2688,2016,50
LTE,724,10,50114,230433845,-22.6614,-49.4107,1000,6
LTE,724,10,50114,230439426,-22.1871,-49.2103,1000,1
LTE,724,10,50114,230441525,-22.3752,-49.0575,1935,18
LTE,724,10,50114,230727191,-22.3522,-48.7729,3715,38
LTE,724,10,50114,230775309,-22.3113,-49.0244,657,25
LTE,724,10,50114,230873395,-21.731,-48.9417,1000,6
LTE,724,10,50114,230877491,-21.8991,-49.623,2712,9
LTE,724,10,50114,230896130,-22.3346,-48.7911,2273,44
LTE,724,10,50114,230896131,-22.334,-48.8424,5055,37
LTE,724,10,50114,230896149,-22.2432,-48.806,6648,48
LTE,724,10,50114,230932737,-22.3179,-48.9999,2515,26
LTE,724,10,50114,231025205,-22.357,-49.1686,1039,30
LTE,724,10,50114,231069186,-22.4246,-49.1236,1442,33
LTE,724,10,50114,231069196,-22.4246,-49.1269,1263,31
LTE,724,10,50114,231072513,-22.3452,-48.777,1000,13
LTE,724,10,50114,231082291,-22.3848,-49.0702,1000,21
LTE,724,10,50114,231118102,-22.3359,-49.0329,1000,11
LTE,724,10,50114,231142925,-22.4199,-49.1242,3671,43
LTE,724,10,50114,231211533,-22.3219,-49.0655,1000,21
LTE,724,10,50115,230725900,-23.5271,-47.5695,1000,1
LTE,724,10,50115,230826763,-23.4221,-47.3557,1000,2
LTE,724,10,50115,230985741,-23.4601,-47.4514,1000,1
LTE,724,10,50115,231091725,-23.4186,-47.4086,1000,1
LTE,724,10,50116,230602518,-21.9137,-48.0439,1000,20
LTE,724,10,50116,230603031,-21.9041,-48.0436,18323,17
LTE,724,10,50116,230603061,-21.9124,-48.0455,1000,5
LTE,724,10,50116,230606594,-21.9971,-48.3815,1000,21
LTE,724,10,50116,230606595,-22.0241,-48.4009,2555,44
LTE,724,10,50116,230611734,-21.8178,-48.4067,9252,8
LTE,724,10,50116,230611735,-21.7491,-48.5522,19640,33
LTE,724,10,50116,230611989,-21.8287,-48.4634,4513,42
LTE,724,10,50116,230613004,-21.9584,-47.9803,3405,50
LTE,724,10,50116,230623540,-21.3003,-48.1297,1000,9
LTE,724,10,50116,230734861,-22.0396,-48.412,1000,6
LTE,724,10,50116,230895874,-21.99,-48.3763,1000,4
LTE,724,10,50116,230895924,-21.9961,-48.3808,919,35
LTE,724,10,50116,231024396,-21.9177,-48.0384,1000,10
LTE,724,10,50118,230477877,-22.1405,-51.2265,2470,28
LTE,724,10,50118,230483252,-22.2582,-51.452,1000,5
LTE,724,10,50118,230485301,-22.1675,-51.3247,1000,6
LTE,724,10,50118,230486039,-22.2943,-51.2652,5816,28
LTE,724,10,50118,230782772,-21.806,-52.1046,1108,21
LTE,724,10,50118,230785845,-22.2155,-51.4384,2572,34
LTE,724,10,50118,230888756,-22.0447,-51.0712,1606,28
LTE,724,10,50118,230931990,-22.0886,-51.1295,1000,6
LTE,724,10,50118,230980147,-22.0503,-51.5474,3288,23
LTE,724,10,50118,231216407,-21.9041,-51.8126,2816,50
LTE,724,10,50119,230497047,-22.8753,-47.0462,4438,20
LTE,724,10,50119,230707734,-22.9583,-47.0197,1883,25
LTE,724,10,50119,230796851,-22.8822,-47.0683,1000,8
LTE,724,10,50119,230905100,-22.8455,-47.0794,1000,9
LTE,724,10,50119,230924299,-22.8217,-47.0978,1000,12
LTE,724,10,50119,231036428,-22.9005,-46.9941,1000,3
LTE,724,10,50119,231298582,-23.0036,-47.0541,1000,1
LTE,724,10,50211,204848642,-23.4454,-46.7868,1170,50
LTE,724,10,50211,204882957,-23.4155,-46.7367,1000,1
LTE,724,10,50211,204885762,-23.5369,-46.7177,9759,50
LTE,724,10,50211,204914996,-23.5316,-46.762,1000,3
LTE,724,10,50211,204916502,-23.5479,-46.7341,8694,31
LTE,724,10,50211,204916533,-23.5572,-46.7488,1000,1
LTE,724,10,50211,204940851,-23.5192,-46.7167,1000,2
LTE,724,10,50211,204959489,-23.5165,-46.7328,931,36
LTE,724,10,50211,204959499,-23.517,-46.7317,1000,13
LTE,724,10,50211,204986380,-23.5427,-46.7313,1000,1
LTE,724,10,50211,205052940,-23.5513,-46.7402,1000,2
LTE,724,10,50211,205151254,-23.563,-46.7184,613,25
LTE,724,10,50211,205151284,-23.5626,-46.7186,500,27
LTE,724,10,50211,205154818,-23.4229,-46.7857,1000,1
LTE,724,10,50211,205185589,-23.5144,-46.7137,1000,4
LTE,724,10,50211,205238797,-23.4931,-46.7332,1000,7
LTE,724,10,50211,205262101,-23.5166,-46.7359,1000,1
LTE,724,10,50211,205278978,-23.5266,-46.7346,1000,10
LTE,724,10,50211,205278997,-23.526,-46.7346,1000,8
LTE,724,10,50211,205438741,-23.5084,-46.719,1000,6
LTE,724,10,50211,205463062,-23.4942,-46.7249,1000,1
LTE,724,10,50211,205555714,-23.5173,-46.7406,1170,27
LTE,724,10,50211,205559309,-23.4175,-46.7449,1000,11
LTE,724,10,50211,205603075,-23.4863,-46.7288,1000,12
LTE,724,10,50211,205629709,-23.5612,-46.7058,1000,5
LTE,724,10,50211,205657867,-23.5631,-46.7045,1000,16
LTE,724,10,50211,205754419,-23.5434,-46.7383,1000,1
LTE,724,10,50211,207430925,-23.5056,-46.6977,1000,1
LTE,724,10,50211,207436803,-23.4545,-46.7396,1000,2
LTE,724,10,50211,207450113,-23.5313,-46.7305,1000,7
LTE,724,10,50211,207564056,-23.5554,-46.7162,1000,6
LTE,724,10,50211,207640833,-23.5299,-46.7504,1000,4
LTE,724,10,50211,208143361,-23.5541,-46.7222,1000,18
LTE,724,10,50211,208143363,-23.5512,-46.7279,1000,7
LTE,724,10,50211,208143383,-23.5518,-46.7248,1000,18
LTE,724,10,50212,230584598,-23.4919,-45.0845,1000,14
LTE,724,10,50212,230599475,-23.366,-45.1289,2203,50
LTE,724,10,50212,230802483,-23.4139,-45.0289,1268,20
LTE,724,10,50212,231044619,-23.4543,-45.0686,1000,20
LTE,724,10,50212,231044621,-23.4594,-45.0678,1000,3
LTE,724,10,50215,230451166,-23.6496,-47.2217,1000,19
LTE,724,10,50215,230451221,-23.6564,-47.2076,1000,10
LTE,724,10,50215,230452995,-23.6778,-47.3321,1000,11
LTE,724,10,50215,230456085,-23.7088,-47.4267,1705,24
LTE,724,10,50215,230804227,-23.6553,-47.2218,8893,50
LTE,724,10,50215,230862359,-23.7152,-47.3716,1807,50
LTE,724,10,50215,231090691,-23.6928,-47.3447,850,35
LTE,724,10,50216,230607373,-21.2075,-48.1946,1000,11
LTE,724,10,50216,230610701,-21.3755,-48.7428,1369,48
LTE,724,10,50216,230612276,-21.3632,-48.3234,2442,36
LTE,724,10,50216,230614835,-21.1549,-48.3785,1000,1
LTE,724,10,50216,230615605,-21.3048,-48.327,5810,7
LTE,724,10,50216,230616371,-21.5403,-47.6314,26010,8
LTE,724,10,50216,230629132,-21.4133,-48.4838,1000,22
LTE,724,10,50216,230629172,-21.3995,-48.4656,1019,26
LTE,724,10,50216,230629399,-21.2779,-48.4934,1029,50
LTE,724,10,50216,230630156,-21.1241,-48.4463,1000,1
LTE,724,10,50216,230630422,-21.4989,-48.5348,1000,18
LTE,724,10,50216,230630423,-21.5094,-48.5499,1307,50
LTE,724,10,50216,230891541,-21.2645,-48.2833,3090,18
LTE,724,10,50216,230989077,-21.6273,-49.2356,1000,6
LTE,724,10,50216,231007253,-21.5816,-48.3337,1000,16
LTE,724,10,50216,231025419,-21.3176,-48.1918,1000,12
LTE,724,10,50216,231089932,-21.4225,-48.5102,1000,11
LTE,724,10,50216,231196212,-21.5955,-49.0647,2661,34
LTE,724,10,50216,231196979,-21.5294,-48.713,1774,22
LTE,724,10,50217,230418485,-22.3797,-48.7439,4971,27
LTE,724,10,50217,230634293,-20.9153,-49.4895,10485,27
LTE,724,10,50217,230634804,-20.7699,-49.5501,1000,1
LTE,724,10,50217,230636567,-21.1181,-49.0409,1623,50
LTE,724,10,50217,230644019,-21.0725,-49.7529,4035,41
LTE,724,10,50217,230645525,-21.0416,-49.6986,8748,28
LTE,724,10,50217,230648117,-20.9389,-49.5246,1000,6
LTE,724,10,50217,230649879,-20.855,-49.634,1539,26
LTE,724,10,50217,230661899,-20.9835,-49.2148,1000,6
LTE,724,10,50217,230661910,-21.0402,-49.1419,8703,43
LTE,724,10,50217,230769666,-20.8119,-49.4864,1000,2
LTE,724,10,50217,231073292,-21.2421,-48.8969,3960,24
LTE,724,10,50217,231152661,-20.8754,-48.4727,1000,1
LTE,724,10,50218,230665523,-21.4551,-50.1223,1861,21
LTE,724,10,50218,230677781,-21.4572,-50.092,2052,30
LTE,724,10,50218,230677783,-21.4274,-50.1735,8620,30
LTE,724,10,50218,230678069,-21.425,-50.1777,2402,41
LTE,724,10,50218,230678274,-21.4244,-50.0762,4238,44
LTE,724,10,50218,230678323,-21.4126,-50.0716,3958,27
LTE,724,10,50218,230679348,-21.8179,-50.7545,1000,6
LTE,724,10,50218,230751511,-21.4045,-50.2159,3153,26
LTE,724,10,50218,230969621,-21.4256,-50.0665,4138,28
LTE,724,10,50311,204825355,-23.5448,-46.6355,1000,1
LTE,724,10,50311,205090069,-23.5557,-46.6413,1000,5
LTE,724,10,50311,205112333,-23.5513,-46.653,1000,3
LTE,724,10,50311,205141300,-23.5363,-46.6593,1000,1
LTE,724,10,50311,205263895,-23.552,-46.623,1000,3
LTE,724,10,50311,205294102,-23.5367,-46.6472,1000,3
LTE,724,10,50311,205684758,-23.5356,-46.6324,1000,7
LTE,724,10,50311,205766668,-23.5378,-46.6489,1000,1
LTE,724,10,50311,205927180,-23.5494,-46.653,500,27
LTE,724,10,50311,207424002,-23.554,-46.6527,1000,4
LTE,724,10,50311,207424791,-23.633,-46.6933,1000,1
LTE,724,10,50311,208209175,-23.5572,-46.6373,1000,10
LTE,724,10,50312,230577973,-23.1029,-45.6922,1000,12
LTE,724,10,50312,230582550,-22.8474,-45.6172,3798,38
LTE,724,10,50312,230591234,-22.8257,-45.6569,1000,16
LTE,724,10,50312,230591253,-22.8254,-45.6639,1171,5
LTE,724,10,50312,230591254,-22.8261,-45.6533,2286,24
LTE,724,10,50312,230718466,-22.9599,-45.6313,659,30
LTE,724,10,50312,230731020,-23.1286,-45.7387,2276,15
LTE,724,10,50312,231035414,-22.8242,-45.6677,1000,15
LTE,724,10,50312,231117571,-23.1241,-45.73,3675,45
LTE,724,10,50312,231132173,-22.9511,-45.6165,1501,50
LTE,724,10,50312,231132183,-22.9544,-45.6221,1223,30
LTE,724,10,50312,231263745,-23.1199,-45.721,1000,1
LTE,724,10,50316,232455435,-20.3802,-47.8135,1000,2
LTE,724,10,50316,232455437,-20.3891,-47.8163,1000,18
LTE,724,10,50316,232458252,-20.7041,-47.8919,3237,22
LTE,724,10,50316,232468236,-20.0067,-47.7851,1000,1
LTE,724,10,50316,232468246,-20.0113,-47.7843,1015,22
LTE,724,10,50316,232468275,-19.9768,-47.7922,2642,33
LTE,724,10,50316,232468277,-20.0233,-47.7826,2029,39
LTE,724,10,50316,232469013,-21.0152,-47.843,3689,32
LTE,724,10,50316,232469251,-21.0687,-47.8082,5898,15
LTE,724,10,50316,232473139,-20.3252,-47.8039,1567,28
LTE,724,10,50318,230477591,-22.6193,-50.6856,4752,30
LTE,724,10,50318,230478645,-22.6262,-50.6447,2407,27
LTE,724,10,50318,230480907,-22.3119,-50.6676,1000,5
LTE,724,10,50318,230482229,-22.5206,-50.8617,1603,39
LTE,724,10,50318,230484020,-22.6068,-50.713,3538,39
LTE,724,10,50318,230814219,-22.7534,-50.1775,1973,50
LTE,724,10,50318,230887221,-22.3515,-50.6394,4007,21
LTE,724,10,50318,231091251,-22.3345,-50.6874,16872,33
LTE,724,10,50318,231094549,-22.3589,-50.4278,1000,6
LTE,724,10,50319,230500355,-22.4826,-47.4658,1000,16
LTE,724,10,50319,230531350,-22.7706,-47.119,1000,1
LTE,724,10,50319,230535004,-22.7693,-47.1473,1000,1
LTE,724,10,50319,230542615,-22.6797,-47.1589,1000,6
LTE,724,10,50319,230544979,-22.4636,-47.5307,1000,2
LTE,724,10,50319,230713139,-22.7254,-47.2926,905,28
LTE,724,10,50319,230763522,-22.8059,-47.184,1000,1
LTE,724,10,50319,230940172,-22.4422,-47.5398,1000,1
LTE,724,10,50319,230998807,-22.8097,-47.2136,1000,18
LTE,724,10,50319,231087893,-22.476,-47.4731,1000,1
LTE,724,10,50319,231160589,-22.7196,-47.2956,1000,1
LTE,724,10,50319,231160599,-22.7223,-47.2917,3687,20
LTE,724,10,50319,231160629,-22.7165,-47.2956,1000,4
LTE,724,10,50319,231181619,-22.805,-47.579,1000,11
LTE,724,10,50319,231214103,-22.783,-47.231,1000,13
LTE,724,10,50319,231275030,-22.7796,-47.154,1000,1
LTE,724,10,50319,231275031,-22.7849,-47.16,1000,1
LTE,724,10,50411,205222708,-23.5153,-46.4838,1000,1
LTE,724,10,50411,205391361,-23.5182,-46.5563,1000,4
LTE,724,10,50411,205971477,-23.5229,-46.5592,1000,24
LTE,724,10,50411,207400716,-23.5077,-46.3866,1000,1
LTE,724,10,50411,207409737,-23.4917,-46.5132,1204,41
LTE,724,10,50411,207412235,-23.4803,-46.4491,1000,9
LTE,724,10,50414,230408981,-21.8301,-50.7378,2562,11
LTE,724,10,50414,230409012,-21.9604,-50.739,1000,4
LTE,724,10,50414,230415156,-22.032,-49.7973,16746,15
LTE,724,10,50414,230417165,-21.8511,-50.7142,1000,19
LTE,724,10,50414,230428261,-22.892,-49.9469,1000,6
LTE,724,10,50414,230434049,-22.0421,-50.3672,1000,6
LTE,724,10,50414,230435125,-22.7643,-49.4929,4150,49
LTE,724,10,50414,230437653,-22.8646,-49.5987,2009,51
LTE,724,10,50414,230438165,-22.8593,-49.9858,2415,23
LTE,724,10,50414,230442242,-22.2237,-49.8285,903,27
LTE,724,10,50414,230442291,-22.228,-49.802,1511,50
LTE,724,10,50414,230699266,-21.909,-50.5864,1951,49
LTE,724,10,50414,231018262,-22.2391,-49.6334,1639,27
LTE,724,10,50414,231018773,-22.9297,-49.8836,1209,44
LTE,724,10,50414,231112727,-22.3304,-49.4553,1000,6
LTE,724,10,50414,231213077,-21.8934,-49.6098,1000,12
LTE,724,10,50416,230623755,-21.1692,-47.755,1094,9
LTE,724,10,50416,230720267,-21.1635,-47.7564,1054,41
LTE,724,10,50416,230720277,-21.1607,-47.7649,9350,30
LTE,724,10,50416,230889996,-21.1025,-47.785,1000,1
LTE,724,10,50416,230890037,-21.1067,-47.7847,1000,21
LTE,724,10,50416,231084309,-21.0808,-47.8033,1000,21
LTE,724,10,50416,231242764,-21.2428,-47.7587,1740,16
LTE,724,10,50416,231277323,-21.1949,-47.7376,1000,1
LTE,724,10,50419,230502452,-22.2537,-47.7031,1000,15
LTE,724,10,50419,230507531,-21.9101,-47.4758,2076,32
LTE,724,10,50419,230507571,-21.9073,-47.4765,1965,46
LTE,724,10,50419,230508853,-22.2328,-47.7363,1200,50
LTE,724,10,50419,230512947,-22.1535,-47.7945,1000,22
LTE,724,10,50419,230518325,-22.2138,-47.3934,1637,50
LTE,724,10,50511,204866563,-23.7117,-46.6055,1400,50
LTE,724,10,50511,204869941,-23.6516,-46.6467,1000,4
LTE,724,10,50511,205060885,-23.734,-46.6033,1124,41
LTE,724,10,50511,205064963,-23.76,-46.5375,5872,26
LTE,724,10,50511,207619339,-23.6754,-46.6135,1000,1
LTE,724,10,50513,206082562,-23.8536,-46.1395,1000,16
LTE,724,10,50513,206083349,-23.8516,-46.1669,1935,50
LTE,724,10,50513,206085633,-23.7108,-46.0533,1000,7
LTE,724,10,50513,206086403,-23.8191,-46.0998,680,31
LTE,724,10,50513,206086669,-23.8163,-46.0873,1438,19
LTE,724,10,50513,206090507,-23.8801,-46.1825,1540,45
LTE,724,10,50513,206090509,-23.8855,-46.2006,1000,16
LTE,724,10,50513,206090549,-23.8865,-46.2062,1414,28
LTE,724,10,50513,206091009,-23.9584,-46.3314,1000,12
LTE,724,10,50513,206092045,-23.975,-46.2733,1000,17
LTE,724,10,50513,206093334,-23.9448,-46.2792,837,31
LTE,724,10,50513,206097675,-23.9752,-46.271,1000,14
LTE,724,10,50513,206098189,-23.9904,-46.2837,1000,23
LTE,724,10,50513,206099203,-23.9584,-46.3223,1000,8
LTE,724,10,50513,206099223,-23.9589,-46.3209,1000,9
LTE,724,10,50513,206101014,-23.9814,-46.3093,1000,4
LTE,724,10,50513,206115380,-23.8941,-46.2205,1000,4
LTE,724,10,50513,206117633,-23.9665,-46.339,1000,4
LTE,724,10,50513,206118963,-23.9426,-46.3251,1000,1
LTE,724,10,50513,206119220,-23.945,-46.3191,500,25
LTE,724,10,50513,206120194,-23.987,-46.2944,1000,5
LTE,724,10,50513,206122037,-23.9512,-46.3193,1000,12
LTE,724,10,50513,206122519,-23.9354,-46.3338,1000,7
LTE,724,10,50513,206124801,-23.9688,-46.32,1000,12
LTE,724,10,50513,206126082,-23.9539,-46.3375,1000,24
LTE,724,10,50513,206126133,-23.9541,-46.342,1000,3
LTE,724,10,50513,206127125,-23.9458,-46.333,1000,7
LTE,724,10,50513,206128130,-23.9648,-46.3299,1000,3
LTE,724,10,50513,206136629,-23.9493,-46.2922,1000,1
LTE,724,10,50513,206138636,-23.9172,-46.288,4315,17
LTE,724,10,50513,206156301,-23.9294,-46.3432,1000,1
LTE,724,10,50513,206168597,-23.7511,-46.0429,1000,3
LTE,724,10,50513,206170371,-23.95,-46.3397,500,25
LTE,724,10,50513,206170420,-23.9488,-46.3357,1000,8
LTE,724,10,50513,206173205,-23.9778,-46.3121,1000,1
LTE,724,10,50513,206174211,-23.9506,-46.3307,1000,13
LTE,724,10,50513,206174261,-23.9508,-46.3302,1000,2
LTE,724,10,50513,206180915,-23.9573,-46.3151,1000,1
LTE,724,10,50513,206182155,-23.7566,-46.037,4998,7
LTE,724,10,50513,206192139,-23.8194,-46.11,664,34
LTE,724,10,50513,206192150,-23.8208,-46.1073,1000,3
LTE,724,10,50513,206207028,-23.9136,-46.285,1000,18
LTE,724,10,50513,218635091,-23.9597,-46.3353,1000,19
LTE,724,10,50513,218881558,-23.9533,-46.329,1000,1
LTE,724,10,50513,218885132,-23.8277,-46.137,810,50
LTE,724,10,50513,219211791,-23.8093,-46.0699,1000,15
LTE,724,10,50513,219211800,-23.8016,-46.0753,1000,4
LTE,724,10,50514,230401292,-22.6805,-48.6828,1000,22
LTE,724,10,50514,230417941,-22.4697,-48.5837,7119,27
LTE,724,10,50514,230417971,-22.4709,-48.725,1000,10
LTE,724,10,50514,230421013,-22.2105,-48.5168,2640,50
LTE,724,10,50514,230421762,-22.6222,-48.7504,1619,50
LTE,724,10,50514,230421782,-22.6502,-48.7211,4207,21
LTE,724,10,50514,230703157,-22.289,-48.7994,2065,47
LTE,724,10,50514,230711299,-22.5268,-48.7213,1464,38
LTE,724,10,50514,230779749,-22.2682,-48.559,735,26
LTE,724,10,50514,230790678,-22.9418,-48.3938,2120,18
LTE,724,10,50514,230790708,-22.9286,-48.4208,1000,16
LTE,724,10,50514,230805557,-22.9951,-48.3494,1000,2
LTE,724,10,50514,230821645,-22.9995,-48.3317,1000,1
LTE,724,10,50514,230822678,-22.7435,-48.5959,1000,6
LTE,724,10,50514,230937357,-22.5048,-48.6353,1000,14
LTE,724,10,50514,230942731,-22.2581,-48.5517,1000,7
LTE,724,10,50514,230942743,-22.276,-48.5645,1000,16
LTE,724,10,50514,230988823,-22.2627,-48.555,1000,12
LTE,724,10,50515,230455299,-23.1101,-48.3648,3115,2
LTE,724,10,50515,230456843,-23.2273,-47.5233,1000,1
LTE,724,10,50515,230458163,-23.0736,-48.256,16798,46
LTE,724,10,50515,231057922,-23.1349,-47.7175,1000,1
LTE,724,10,50519,230504983,-22.9144,-46.9492,1000,11
LTE,724,10,50519,230528013,-22.9439,-47.1082,1000,1
LTE,724,10,50519,230531891,-23.0333,-47.0712,1002,13
LTE,724,10,50519,230551831,-23.0305,-47.1261,1000,1
LTE,724,10,50519,230554637,-23.0212,-47.1228,1464,15
LTE,724,10,50519,230762243,-23.0006,-47.1351,1000,2
LTE,724,10,50519,230762773,-22.9807,-47.113,3924,35
LTE,724,10,50519,231006979,-23.0539,-47.1491,1000,1
LTE,724,10,50519,231260428,-23.0864,-46.9712,1000,1
LTE,724,10,50611,204810497,-23.2604,-46.8668,1162,50
LTE,724,10,50611,204819212,-23.2157,-46.877,1000,1
LTE,724,10,50611,204825622,-23.1183,-46.4785,1000,23
LTE,724,10,50611,204834305,-23.1392,-46.4603,7967,34
LTE,724,10,50611,204906241,-23.1912,-46.8782,2012,35
LTE,724,10,50611,204918027,-23.0891,-46.7172,1000,1
LTE,724,10,50611,204950294,-23.2242,-46.776,1316,7
LTE,724,10,50611,205051670,-23.1997,-46.8679,1000,9
LTE,724,10,50611,205124108,-23.1951,-46.8724,1000,1
LTE,724,10,50611,205124118,-23.1989,-46.8718,1377,12
LTE,724,10,50611,205236275,-23.239,-46.8874,1077,50
LTE,724,10,50611,205280002,-23.1794,-46.9769,1000,1
LTE,724,10,50611,205557004,-23.1841,-46.9663,1000,1
LTE,724,10,50611,205892178,-23.1954,-46.8722,1000,2
LTE,724,10,50611,205892188,-23.1953,-46.8728,1000,6
LTE,724,10,50611,207410701,-23.2069,-46.8951,1000,1
LTE,724,10,50611,207433494,-23.1683,-46.9974,1871,2
LTE,724,10,50611,207473666,-23.2405,-46.7652,1000,20
LTE,724,10,50612,230586390,-22.7414,-45.0935,1000,1
LTE,724,10,50612,230774028,-22.6716,-45.0093,1000,1
LTE,724,10,50612,231111190,-22.6316,-44.9278,1000,1
LTE,724,10,50613,206085890,-23.9277,-46.3717,1000,24
LTE,724,10,50613,206085901,-23.9331,-46.3808,1000,1
LTE,724,10,50613,206089238,-23.9432,-46.3632,1000,1
LTE,724,10,50613,206092290,-23.9631,-46.3863,1000,7
LTE,724,10,50613,206104117,-23.9885,-46.4004,1000,1
LTE,724,10,50613,206111765,-24.0148,-46.4594,1000,1
LTE,724,10,50613,206112779,-23.9711,-46.3972,1000,3
LTE,724,10,50613,206114325,-23.9674,-46.3738,1000,9
LTE,724,10,50613,206114326,-23.9678,-46.3728,1000,14
LTE,724,10,50613,206114355,-23.9656,-46.3744,1000,2
LTE,724,10,50613,206121750,-23.9697,-46.3646,1000,1
LTE,724,10,50613,206129204,-23.9083,-46.4244,1000,1
LTE,724,10,50613,206131715,-23.9661,-46.406,1000,17
LTE,724,10,50613,206131734,-23.963,-46.4023,1000,6
LTE,724,10,50613,206131765,-23.9668,-46.4063,1000,7
LTE,724,10,50613,206167810,-24.1209,-46.6751,1000,6
LTE,724,10,50613,206169603,-23.8911,-46.488,2018,7
LTE,724,10,50613,206189315,-23.968,-46.4089,1000,3
LTE,724,10,50613,206190338,-23.9718,-46.3695,1000,1
LTE,724,10,50613,206194455,-24.052,-46.5446,1000,1
LTE,724,10,50613,206199092,-23.9675,-46.3861,1000,2
LTE,724,10,50613,206200331,-23.9617,-46.3971,1000,1
LTE,724,10,50613,206208564,-23.9279,-46.3991,1000,1
LTE,724,10,50613,206381917,-23.9698,-46.3654,1000,9
LTE,724,10,50613,218921483,-23.9524,-46.4079,1000,2
LTE,724,10,50613,219155763,-23.9403,-46.4664,1000,1
LTE,724,10,50613,219255181,-23.9669,-46.3865,1000,8
LTE,724,10,50614,230424087,-22.1698,-49.9853,2195,21
LTE,724,10,50614,230425653,-22.2785,-50.0032,1000,4
LTE,724,10,50614,230426371,-22.1939,-49.9671,1368,32
LTE,724,10,50614,230436886,-22.1976,-49.9654,1000,11
LTE,724,10,50614,230971147,-22.2284,-49.9064,1000,4
LTE,724,10,50614,231021068,-22.3211,-50.2543,7546,44
LTE,724,10,50614,231057716,-22.3417,-50.1476,1000,16
LTE,724,10,50711,204975617,-23.6437,-46.7177,7952,50
LTE,724,10,50711,205002519,-23.612,-46.6654,1000,3
LTE,724,10,50711,205065731,-23.6483,-46.7244,6824,48
LTE,724,10,50711,205065749,-23.6377,-46.7237,5099,30
LTE,724,10,50711,205065750,-23.6462,-46.7235,3006,45
LTE,724,10,50711,205605705,-23.6168,-46.6985,1000,15
LTE,724,10,50711,205606413,-23.6127,-46.6711,1000,1
LTE,724,10,50711,205647115,-23.6177,-46.7034,1000,7
LTE,724,10,50711,205906960,-23.6226,-46.7011,1000,3
LTE,724,10,50711,206373644,-23.618,-46.6959,1000,4
LTE,724,10,50711,206386103,-23.6387,-46.7427,1000,4
LTE,724,10,50711,207374603,-23.6175,-46.6619,1000,1
LTE,724,10,50711,207401237,-23.6266,-46.6616,1000,5
LTE,724,10,50711,207422743,-23.6062,-46.66,1000,1
LTE,724,10,50711,207440200,-23.6589,-46.7163,1000,3
LTE,724,10,50711,207441164,-23.6211,-46.701,1000,4
LTE,724,10,50711,207441205,-23.6198,-46.7077,5850,11
LTE,724,10,50711,207463426,-23.631,-46.6958,1000,23
LTE,724,10,50711,207475971,-23.6086,-46.6503,1000,16
LTE,724,10,50711,207505675,-23.6445,-46.727,1000,13
LTE,724,10,50711,207560727,-23.6282,-46.7125,1000,15
LTE,724,10,50711,207637270,-23.621,-46.6802,1000,2
LTE,724,10,50711,215081228,-23.6286,-46.661,1000,3
LTE,724,10,50713,206088194,-24.7309,-48.1106,1000,1
LTE,724,10,50713,206103348,-24.6513,-47.9427,1000,1
LTE,724,10,50713,206103831,-24.6963,-48.0071,1000,1
LTE,724,10,50713,206103860,-24.7046,-48.0068,1000,1
LTE,724,10,50713,206113795,-24.2752,-47.4126,2911,23
LTE,724,10,50713,206114611,-24.4229,-47.778,1000,9
LTE,724,10,50713,206115635,-24.3998,-47.7352,1745,28
LTE,724,10,50713,206130709,-24.3197,-47.5342,1047,17
LTE,724,10,50713,206145045,-24.1511,-47.3167,1000,12
LTE,724,10,50713,206153229,-24.2569,-47.3521,1000,1
LTE,724,10,50713,206155275,-24.6152,-47.8831,1000,1
LTE,724,10,50713,206155316,-24.63,-47.8867,1000,1
LTE,724,10,50713,206163989,-24.2829,-46.9979,1000,2
LTE,724,10,50713,206184461,-24.0454,-47.1972,1795,25
LTE,724,10,50714,230407435,-23.0961,-48.2593,1479,49
LTE,724,10,50714,230407437,-23.1033,-48.2769,11810,21
LTE,724,10,50714,230407445,-23.0455,-48.2841,21664,21
LTE,724,10,50714,230433301,-23.137,-48.447,1000,19
LTE,724,10,50714,230726963,-23.1027,-48.2583,1000,1
LTE,724,10,50719,231222549,-22.5513,-47.2114,1000,4
LTE,724,10,50719,231226133,-22.6213,-47.2001,1549,26
LTE,724,10,50811,204813826,-23.4129,-47.2684,1000,1
LTE,724,10,50811,204864051,-23.4228,-47.2435,1000,1
LTE,724,10,50811,204868364,-23.6619,-46.8524,1000,12
LTE,724,10,50811,204869379,-23.657,-46.8534,2674,32
LTE,724,10,50811,204869388,-23.6522,-46.8478,1000,24
LTE,724,10,50811,204869427,-23.646,-46.8708,1000,15
LTE,724,10,50811,204870453,-23.6442,-46.8353,1662,28
LTE,724,10,50811,204870473,-23.641,-46.8367,1000,21
LTE,724,10,50811,205035011,-23.6076,-47.0317,2832,33
LTE,724,10,50811,205035020,-23.6074,-47.0174,1000,1
LTE,724,10,50811,205064193,-23.6286,-47.0515,4453,27
LTE,724,10,50811,205064195,-23.6473,-47.0631,1417,51
LTE,724,10,50811,205126679,-23.6219,-46.9128,2828,20
LTE,724,10,50811,205188875,-23.6302,-46.8206,1000,2
LTE,724,10,50811,205188887,-23.6313,-46.8313,1005,18
LTE,724,10,50811,205211158,-23.2397,-47.3161,1000,1
LTE,724,10,50811,205231894,-23.6094,-46.816,1000,9
LTE,724,10,50811,205244724,-23.6449,-46.8482,966,26
LTE,724,10,50811,205256715,-23.6741,-46.8569,1000,23
LTE,724,10,50811,205605377,-23.6417,-46.8401,1000,23
LTE,724,10,50811,205635842,-23.6127,-46.9982,1970,18
LTE,724,10,50811,207376387,-23.5991,-46.8827,1000,23
LTE,724,10,50811,207390210,-23.1819,-47.2889,1000,1
LTE,724,10,50811,207438093,-23.5501,-47.1205,1000,1
LTE,724,10,50811,207472653,-23.6472,-46.8539,1000,2
LTE,724,10,50811,207652109,-23.6515,-46.8453,1000,5
LTE,724,10,50811,207652117,-23.6436,-46.8305,2038,10
LTE,724,10,50911,205001749,-23.8124,-46.9236,1000,22
LTE,724,10,50911,205012759,-23.9056,-46.9906,6114,30
LTE,724,10,50911,205065238,-23.9577,-47.114,1000,1
LTE,724,10,50911,205782029,-23.9362,-47.0694,1000,10
LTE,724,10,50911,205782069,-23.9355,-47.0744,1000,8
LTE,724,10,51011,204803093,-23.6201,-46.6024,1000,1
LTE,724,10,51011,204962315,-23.5556,-46.5999,1000,1
LTE,724,10,51011,204986891,-23.5848,-46.5806,1000,6
LTE,724,10,51011,205086741,-23.5945,-46.6068,1762,4
LTE,724,10,51011,205134338,-23.5898,-46.5892,3911,26
LTE,724,10,51011,205134348,-23.5945,-46.591,1000,12
LTE,724,10,51011,205153547,-23.5628,-46.5728,1000,1
LTE,724,10,51011,205153548,-23.5669,-46.5695,1000,1
LTE,724,10,51011,205192499,-23.6023,-46.6282,1000,2
LTE,724,10,51011,205536514,-23.5996,-46.5837,1000,9
LTE,724,10,51011,205576461,-23.6059,-46.598,1000,1
LTE,724,10,51011,205643011,-23.6455,-46.6382,5184,31
LTE,724,10,51011,205732885,-23.5648,-46.5903,1000,1
LTE,724,10,51011,205793804,-23.638,-46.6411,1000,1
LTE,724,10,51011,206063884,-23.5835,-46.5753,1000,13
LTE,724,10,51011,207485463,-23.6145,-46.6453,1000,7
LTE,724,10,51011,207642369,-23.6418,-46.6403,1000,2
LTE,724,10,51011,207653633,-23.5926,-46.5896,1000,5
LTE,724,10,51011,209013526,-23.6039,-46.7124,4192,2
LTE,724,10,51111,204876547,-23.3469,-46.1666,1426,50
LTE,724,10,51111,204879363,-23.3787,-46.1431,15819,35
LTE,724,10,51111,204900108,-23.4383,-46.2619,5215,25
LTE,724,10,51111,204900867,-23.4451,-46.3156,1824,37
LTE,724,10,51111,204914699,-23.5208,-46.3275,990,50
LTE,724,10,51111,205016332,-23.3207,-46.2277,1000,1
LTE,724,10,51111,205016333,-23.4884,-46.2313,1000,12
LTE,724,10,51111,205020437,-23.3559,-46.2065,1138,22
LTE,724,10,51111,205020694,-23.4322,-46.2566,12538,39
LTE,724,10,51111,205116724,-23.4033,-46.1868,5789,24
LTE,724,10,51111,205248257,-23.4648,-46.3477,1304,50
LTE,724,10,51111,205612547,-23.4595,-46.3427,1669,32
LTE,724,10,51111,205838093,-23.3946,-46.3308,1000,1
LTE,724,10,51111,206016269,-23.4711,-46.3524,1000,1
LTE,724,10,51111,206053427,-23.4653,-46.3788,1630,7
LTE,724,10,51111,207379458,-23.4529,-46.334,1189,32
LTE,724,10,51111,207506945,-23.4674,-46.3813,1358,7
LTE,724,10,51111,207620108,-23.4672,-46.3371,1000,6
LTE,724,10,51111,207620118,-23.461,-46.331,1000,1
LTE,724,10,51111,207625484,-23.4653,-46.3411,1000,5
LTE,724,10,51111,207625493,-23.467,-46.3488,1000,1
LTE,724,10,51111,207651851,-23.5479,-46.337,1000,1
LTE,724,10,51111,207656461,-23.472,-46.3551,1000,1
LTE,724,10,51111,207656471,-23.4679,-46.3562,1000,7
LTE,724,10,51111,215138571,-23.5371,-46.3216,1000,1
LTE,724,10,51111,215138611,-23.5352,-46.3218,1000,1
LTE,724,10,51211,204812802,-23.5098,-46.8286,4191,32
LTE,724,10,51211,204918294,-23.4764,-46.77,1000,1
LTE,724,10,51211,204933643,-23.5444,-46.8341,1000,4
LTE,724,10,51211,204968707,-23.5917,-46.7601,1000,10
LTE,724,10,51211,204988427,-23.5237,-46.817,1000,8
LTE,724,10,51211,204988499,-23.5328,-46.8219,1000,1
LTE,724,10,51211,205040917,-23.5177,-46.8587,1000,8
LTE,724,10,51211,205099266,-23.5797,-46.7885,7941,26
LTE,724,10,51211,205163317,-23.4701,-46.8295,1000,1
LTE,724,10,51211,205217845,-23.5372,-46.8177,1000,6
LTE,724,10,51211,205232387,-23.4658,-46.779,1000,4
LTE,724,10,51211,205370647,-23.509,-46.8252,1000,1
LTE,724,10,51211,205649429,-23.4906,-46.8425,1000,1
LTE,724,10,51211,205649666,-23.5017,-46.8382,1000,1
LTE,724,10,51211,205654581,-23.5903,-46.7971,1023,25
LTE,724,10,51211,205715469,-23.5663,-46.8185,1000,1
LTE,724,10,51211,207451906,-23.5287,-46.8353,1000,4
LTE,724,10,51211,207463169,-23.5137,-46.8893,1000,9
LTE,724,10,51211,207472386,-23.5127,-46.8769,500,29
LTE,724,10,51211,207488791,-23.5865,-46.7562,1000,15
LTE,724,10,51211,207492630,-23.5069,-46.8447,1000,1
LTE,724,10,51211,207496726,-23.542,-46.82,1000,1
LTE,724,10,51211,207566102,-23.474,-46.8394,1000,1
LTE,724,10,51211,207566132,-23.4736,-46.8398,1000,1
LTE,724,10,51211,207566133,-23.4774,-46.8626,1000,1
LTE,724,10,51211,207590677,-23.4793,-46.7813,1000,1
LTE,724,10,51211,207606283,-23.5048,-46.862,1000,6
LTE,724,10,51211,207661335,-23.5133,-46.8704,1000,4
LTE,724,10,51211,207676949,-23.5137,-46.8089,1000,1
LTE,724,10,51211,208139531,-23.4873,-46.8363,1000,1
LTE,724,10,51211,208139573,-23.4942,-46.8366,1000,1
LTE,724,10,51311,204838423,-23.5603,-46.6996,8761,27
LTE,724,10,51311,204838473,-23.5673,-46.6975,7146,16
LTE,724,10,51311,204843542,-23.5706,-46.6816,4651,28
LTE,724,10,51311,204935691,-23.582,-46.6651,1000,19
LTE,724,10,51311,204994306,-23.5959,-46.6941,5409,30
LTE,724,10,51311,205026317,-23.5584,-46.6572,9076,14
LTE,724,10,51311,205140762,-23.6088,-46.6971,1517,2
LTE,724,10,51311,205170199,-23.5816,-46.6852,1000,21
LTE,724,10,51311,205293570,-23.5662,-46.6934,6193,28
LTE,724,10,51311,205680641,-23.5845,-46.6739,1000,5
LTE,724,10,51311,205896204,-23.5678,-46.6929,1000,3
LTE,724,10,51311,207430169,-23.597,-46.6894,1000,4
LTE,724,10,51311,207465995,-23.5781,-46.6997,4857,11
LTE,724,10,51311,207566873,-23.5838,-46.6917,1000,6
LTE,724,10,51311,207589390,-23.5796,-46.6617,1000,9
LTE,724,10,51311,208166411,-23.567,-46.7018,1000,4
LTE,724,10,51311,209959475,-23.5775,-46.6869,1000,3
LTE,724,10,51411,204818227,-23.4597,-47.0413,1000,1
LTE,724,10,51411,204849163,-23.3327,-46.8368,1000,1
LTE,724,10,51411,205007156,-23.5288,-46.9799,1000,1
LTE,724,10,51411,205080075,-23.4146,-46.8253,1000,1
LTE,724,10,51411,205137164,-23.1186,-46.9933,1000,17
LTE,724,10,51411,205137204,-23.1137,-47.0002,2556,23
LTE,724,10,51411,205170444,-23.3567,-46.743,1000,16
LTE,724,10,51411,205308950,-23.5728,-46.9247,1000,7
LTE,724,10,51411,205316374,-23.4373,-47.072,1000,1
LTE,724,10,51411,205612044,-23.5411,-46.9361,1000,3
LTE,724,10,51411,205627700,-23.3948,-46.8634,1000,1
LTE,724,10,51411,207376653,-23.4073,-46.8627,1000,1
LTE,724,10,51411,207499285,-23.158,-47.0205,1000,1
LTE,724,10,51411,207657483,-23.5346,-46.9838,1000,1
LTE,724,10,51411,208230933,-23.546,-46.9353,500,36
LTE,724,10,51511,204830517,-23.5461,-46.6166,8233,16
LTE,724,10,51511,204861441,-23.5373,-46.5831,998,28
LTE,724,10,51511,204861442,-23.542,-46.5811,511,41
LTE,724,10,51511,204861512,-23.5421,-46.5805,500,40
LTE,724,10,51511,205110856,-23.5356,-46.6138,1000,8
LTE,724,10,51511,205113111,-23.531,-46.6009,1000,3
LTE,724,10,51511,205162242,-23.5127,-46.5759,1000,7
LTE,724,10,51511,205162252,-23.5109,-46.5788,1000,1
LTE,724,10,51511,205212172,-23.5235,-46.5618,1000,15
LTE,724,10,51511,205593879,-23.539,-46.5714,1000,21
LTE,724,10,51511,205650965,-23.5395,-46.5758,500,43
LTE,724,10,51511,205878795,-23.5303,-46.6093,1000,11
LTE,724,10,51511,206327821,-23.545,-46.6151,1000,1
LTE,724,10,51511,207441933,-23.5438,-46.6144,1000,13
LTE,724,10,51511,207478540,-23.5266,-46.5861,1101,18
LTE,724,10,51511,207517453,-23.5375,-46.6085,1000,1
LTE,724,10,51511,207546113,-23.5227,-46.6099,1000,5
LTE,724,10,51511,207546123,-23.5281,-46.6132,1000,1
LTE,724,10,51511,207682561,-23.5389,-46.6122,1000,3
LTE,724,10,51511,207682631,-23.5388,-46.611,1000,1
LTE,724,10,51611,204954901,-23.3531,-46.5501,1000,1
LTE,724,10,51711,205012501,-23.6028,-46.5172,1000,3
LTE,724,10,51711,205096756,-23.555,-46.5535,1000,1
LTE,724,10,51711,205257996,-23.5823,-46.5621,1000,1
LTE,724,10,51911,204960789,-23.1745,-46.3857,2112,38
LTE,724,10,51911,207642676,-23.1798,-46.3136,1000,19
LTE,724,10,52011,205028098,-23.6405,-46.7225,1000,1
LTE,724,10,52011,205040642,-23.6767,-46.5898,1000,9
LTE,724,10,52011,205152841,-23.6405,-46.7225,1000,1
LTE,724,10,52011,205423362,-23.6405,-46.7225,1000,1
LTE,724,10,52011,205554709,-23.64,-46.5358,1000,3
LTE,724,10,52511,204851212,-23.6458,-46.7529,1000,4
LTE,724,10,52511,205061890,-23.634,-46.771,1000,9
LTE,724,10,52511,205131020,-23.7832,-46.7619,1000,1
LTE,724,10,52511,205144579,-23.6698,-46.7122,1000,2
LTE,724,10,52511,205624598,-23.7695,-46.7689,1977,8
LTE,724,10,52511,207434773,-23.6756,-46.7144,1000,2
LTE,724,10,52511,207434803,-23.6783,-46.7177,1000,1
LTE,724,10,52511,207454731,-23.6782,-46.7182,1000,1
LTE,724,10,52511,207626764,-23.6085,-46.7689,1000,9
LTE,724,10,52911,204897027,-23.7855,-46.5975,652,50
LTE,724,10,52911,204897045,-23.7687,-46.5943,1663,24
LTE,724,10,52911,204912643,-23.6699,-46.4696,2389,13
LTE,724,10,52911,204914445,-23.6122,-46.5043,1000,3
LTE,724,10,52911,204914485,-23.6134,-46.4947,1000,12
LTE,724,10,52911,204943639,-23.6692,-46.461,1000,2
LTE,724,10,52911,204943667,-23.6685,-46.461,1000,13
LTE,724,10,52911,204964108,-23.6868,-46.4704,1000,22
LTE,724,10,52911,205132547,-23.7624,-46.5765,3062,28
LTE,724,10,52911,205133058,-23.7423,-46.4922,1280,22
LTE,724,10,52911,205246732,-23.686,-46.4632,1000,1
LTE,724,10,52911,207524148,-23.6144,-46.499,1000,6
LTE,724,10,52911,207666229,-23.9255,-46.5525,1130,18
LTE,724,10,54612,230585907,-22.5298,-44.7504,1000,1
LTE,724,10,54612,231016981,-22.5291,-44.7435,3286,50
LTE,724,10,56118,230669876,-21.2167,-49.9665,14943,9
LTE,724,10,56715,230837270,-24.9346,-48.2862,1000,1
LTE,724,10,56814,230707221,-22.3018,-49.4994,4797,26
LTE,724,10,57118,231098645,-22.5482,-50.3121,1650,50
LTE,724,10,57414,231114007,-21.7281,-49.3909,1000,8
LTE,724,10,57414,231165493,-21.703,-49.3617,3395,32
LTE,724,10,59711,204872706,-23.6055,-46.6791,500,41
LTE,724,10,59711,204998146,-23.5725,-46.7107,520,29
LTE,724,10,59711,204998217,-23.5732,-46.7161,1000,7
LTE,724,10,59711,205001544,-23.6173,-46.6862,1000,17
LTE,724,10,59711,205031445,-23.5606,-46.7471,1000,14
LTE,724,10,59711,205062147,-23.5815,-46.7226,1000,20
LTE,724,10,59711,205062155,-23.5757,-46.72,1000,7
LTE,724,10,59711,205669941,-23.5855,-46.7358,3985,25
LTE,724,10,59711,205925388,-23.5703,-46.7407,1000,3
LTE,724,10,59711,205944845,-23.6084,-46.6977,1535,5
LTE,724,10,59711,206438090,-23.5951,-46.6239,1000,1
LTE,724,10,59711,207409932,-23.5782,-46.7259,1000,18
LTE,724,10,59711,207476226,-23.5873,-46.7512,1000,2
LTE,724,10,59711,209986073,-23.6217,-46.7017,1000,1
LTE,724,10,59811,204947723,-23.5198,-46.6153,1000,10
LTE,724,10,59811,204955701,-23.556,-46.682,1000,7
LTE,724,10,59811,205150987,-23.518,-46.6182,6238,10
LTE,724,10,59811,205150988,-23.5188,-46.6193,1000,8
LTE,724,10,59811,205161781,-23.5321,-46.6409,1000,3
LTE,724,10,59811,205258243,-23.5169,-46.6584,500,41
LTE,724,10,59811,205277965,-23.5087,-46.6952,1000,13
LTE,724,10,59811,205278230,-23.5283,-46.6695,1000,5
LTE,724,10,59811,205290241,-23.5196,-46.6285,1000,16
LTE,724,10,59811,205290252,-23.5203,-46.6258,1000,17
LTE,724,10,59811,205392911,-23.5267,-46.6667,1000,11
LTE,724,10,59811,205468212,-23.5544,-46.6791,1000,11
LTE,724,10,59811,205906408,-23.5189,-46.6349,1000,11
LTE,724,10,59811,205906418,-23.5187,-46.6384,1000,4
LTE,724,10,59811,207411212,-23.5261,-46.641,1000,1
LTE,724,10,59811,207573763,-23.5077,-46.7019,1000,1
LTE,724,10,59811,207645463,-23.528,-46.6773,1000,14
LTE,724,10,59811,207697941,-23.5189,-46.6351,1000,1
LTE,724,10,59811,216146389,-23.5185,-46.6418,1000,18
LTE,724,10,59811,216203180,-23.5183,-46.6435,1000,1
LTE,724,10,59911,204992011,-23.4442,-46.4485,1000,7
LTE,724,10,59911,205037827,-23.4757,-46.4185,3047,28
LTE,724,10,59911,205089793,-23.4907,-46.5472,16053,27
LTE,724,10,59911,205228803,-23.4756,-46.4086,2849,31
LTE,724,10,59911,205228873,-23.4681,-46.4124,1000,6
LTE,724,10,59911,205559042,-23.4717,-46.5664,1000,1
LTE,724,10,59911,205636375,-23.4777,-46.5281,1000,11
LTE,724,10,59911,205689859,-23.4909,-46.5489,668,48
LTE,724,10,59911,205695233,-23.4599,-46.4856,1649,44
LTE,724,10,59911,205695255,-23.4717,-46.4774,1000,1
LTE,724,10,59911,205724684,-23.4806,-46.4683,1000,17
LTE,724,10,59911,205724695,-23.476,-46.4751,1000,13
LTE,724,10,59911,205724725,-23.4758,-46.4746,1000,1
LTE,724,10,59911,205793549,-23.4831,-46.5368,1000,6
LTE,724,10,59911,206007318,-23.4694,-46.4644,1000,1
LTE,724,10,59911,206007319,-23.4707,-46.4733,1000,1
LTE,724,10,59911,207383299,-23.4229,-46.5576,1000,1
LTE,724,10,59911,207530252,-23.4487,-46.4585,1000,18
LTE,724,10,59911,207542797,-23.4422,-46.3927,1000,1
LTE,724,10,59911,207543809,-23.4617,-46.4905,2401,12
LTE,724,10,59911,207547915,-23.4838,-46.5424,1000,1
LTE,724,10,59911,207552779,-23.4419,-46.4228,1000,2
LTE,724,10,59911,207570966,-23.4759,-46.4993,1000,5
LTE,724,10,59911,207574795,-23.4768,-46.399,1000,1
LTE,724,10,59911,207587350,-23.4766,-46.5151,1500,28
LTE,724,10,59911,207595799,-23.4683,-46.4232,1000,11
LTE,724,10,59911,207616524,-23.4397,-46.4953,1000,1
LTE,724,10,59911,207616535,-23.4397,-46.4988,1000,1
LTE,724,10,59911,207631894,-23.4473,-46.4941,1000,1
LTE,724,10,59911,208168274,-23.4784,-46.4554,2018,7
LTE,724,10,59911,208175127,-23.4732,-46.4933,1000,1
LTE,724,10,60116,230625126,-22.138,-47.8024,1000,20
LTE,724,10,60216,230616116,-21.4576,-47.8642,1000,1
LTE,724,10,60216,230897932,-21.4688,-48.6083,1000,21
LTE,724,10,60216,230897941,-21.4614,-48.6194,2736,49
LTE,724,10,60217,230644277,-21.1768,-49.9057,3852,44
LTE,724,10,60217,230663221,-20.4647,-49.8716,1000,1
LTE,724,10,60316,232449036,-20.2014,-47.7985,1000,1
LTE,724,10,60318,230714390,-22.0997,-50.8328,1000,11
LTE,724,10,60318,230714420,-22.1105,-50.8406,1171,27
LTE,724,10,60318,231166005,-22.5407,-50.3047,1955,28
LTE,724,10,60319,230745868,-22.5505,-47.2354,1424,6
LTE,724,10,60514,230418484,-22.3073,-48.6547,2139,31
LTE,724,10,60514,230418485,-22.3124,-48.7301,9021,31
LTE,724,10,60614,230881588,-22.3058,-50.0673,7195,50
LTE,724,10,60719,230945558,-22.4438,-47.0348,1000,1
LTE,724,10,61111,204892674,-23.2516,-46.1059,1691,23
UMTS,724,10,21776,206124565,-23.9323,-46.3198,1000,1
UMTS,724,10,23344,204810547,-23.2412,-46.8684,1000,1
UMTS,724,10,23376,206194453,-24.0399,-46.5278,1000,1
UMTS,724,10,24976,206086965,-24.7193,-48.0819,1000,1
UMTS,724,10,24976,206101271,-24.2841,-47.1935,1000,1
UMTS,724,10,24976,206114071,-24.2639,-46.9605,1000,1
UMTS,724,10,24976,206128406,-24.5025,-47.8594,1000,1
UMTS,724,10,40111,7276220,-23.5615,-46.6796,1000,1
UMTS,724,10,40111,7307391,-23.5629,-46.6754,3603,36
UMTS,724,10,40112,46699485,-23.2123,-45.9079,1000,21
UMTS,724,10,40112,46703944,-23.0311,-45.8707,1000,3
UMTS,724,10,40211,13869521,-23.5951,-46.6239,1000,1
UMTS,724,10,40211,13873730,-23.5317,-46.6728,6325,20
UMTS,724,10,40211,13874940,-23.53,-46.6787,3466,16
UMTS,724,10,40212,46703975,-23.3789,-44.9694,3470,42
UMTS,724,10,40216,14210971,-21.6166,-48.3544,1000,1
UMTS,724,10,40217,14260605,-21.0559,-49.1219,1297,15
UMTS,724,10,40217,14264295,-20.8479,-49.396,2573,50
UMTS,724,10,40217,14270553,-21.173,-49.1711,5647,22
UMTS,724,10,40316,27283974,-21.0317,-47.7792,1000,1
UMTS,724,10,40416,14194137,-19.9078,-47.8346,4227,22
UMTS,724,10,40419,34074799,-21.6498,-47.6104,1000,4
UMTS,724,10,40511,13878292,-23.7411,-46.5971,1000,1
UMTS,724,10,40513,33680440,-23.973,-46.2684,1000,20
UMTS,724,10,40513,33680660,-23.9813,-46.2659,1000,15
UMTS,724,10,40613,33682224,-23.8695,-46.3848,1000,1
UMTS,724,10,40711,7332171,-23.6208,-46.6783,1000,1
UMTS,724,10,40711,7332780,-23.5766,-46.7218,1000,3
UMTS,724,10,40713,33681304,-24.2659,-46.9649,1000,1
UMTS,724,10,40713,33683249,-24.2788,-46.9848,1000,1
UMTS,724,10,40714,7502405,-23.1346,-48.446,1000,1
UMTS,724,10,40811,40075132,-23.6393,-46.8873,1000,1
UMTS,724,10,40911,13863182,-23.6266,-46.4832,1000,1
UMTS,724,10,41111,26960961,-23.6714,-46.1038,1000,9
UMTS,724,10,41111,26971341,-23.614,-46.151,8595,14
UMTS,724,10,41111,26980100,-23.5331,-46.2247,1000,2
UMTS,724,10,41211,13858922,-23.5165,-46.8127,1000,7
UMTS,724,10,41211,13859508,-23.5116,-46.8746,1000,1
UMTS,724,10,41411,40105617,-23.5115,-46.9258,1000,1
UMTS,724,10,41611,40082398,-22.921,-46.4411,2148,45
UMTS,724,10,50111,205213974,-23.574,-46.6532,1000,1
UMTS,724,10,50111,207512599,-23.5672,-46.6675,1000,1
UMTS,724,10,50318,11935095,-21.2436,-49.9454,1164,29
UMTS,724,10,51811,205948697,-23.6989,-46.7009,1000,1
UMTS,724,10,59811,205279511,-23.5047,-46.6417,1000,1
UMTS,724,10,65534,206148611,-24.5184,-47.8527,1000,1
GSM,724,11,5027,14213,-20.544,-40.4818,6704,45
GSM,724,11,5027,14232,-20.6581,-40.6257,8757,28
GSM,724,11,8328,14453,-20.7982,-40.8126,6546,17
GSM,724,11,50471,12311,-12.9121,-38.3379,1000,1
GSM,724,11,50471,36885,-12.9139,-38.3362,1000,1
LTE,724,11,32133,153800725,-22.9329,-42.8898,1000,21
LTE,724,11,32133,156192257,-22.9515,-42.6892,1000,19
LTE,724,11,32203,166610199,-22.8081,-42.3993,1441,50
LTE,724,11,32203,166723595,-22.8234,-42.2428,1248,23
LTE,724,11,32404,168964355,-22.4398,-44.5127,1295,48
LTE,724,11,32404,169150209,-22.3496,-44.5077,1000,17
LTE,724,11,32404,169213454,-22.4254,-44.3556,1000,1
LTE,724,11,32404,169217588,-22.3414,-44.5368,1194,25
LTE,724,11,32404,169218050,-22.5007,-44.5848,2877,8
LTE,724,11,32727,172020737,-20.2502,-40.3718,1000,1
LTE,724,11,32727,172020738,-20.2559,-40.3776,1000,1
LTE,724,11,32727,257536278,-20.3129,-40.3856,1000,1
LTE,724,11,32727,257543179,-20.2308,-40.3667,1000,1
LTE,724,11,32797,259075586,-19.3664,-40.0509,856,39
LTE,724,11,37310,256004149,-14.747,-39.0872,1000,1
LTE,724,11,37906,256008213,-10.8947,-37.1317,1000,8
LTE,724,11,37908,256173315,-11.4785,-37.7631,1000,1
LTE,724,11,39402,85484646,-6.0765,-49.9009,1000,19
LTE,724,11,39402,87371287,-6.056,-49.8771,1000,5
LTE,724,11,39402,87376643,-6.0687,-49.882,1000,14
LTE,724,11,39402,87409163,-6.0413,-49.8898,500,37
LTE,724,11,39402,87550987,-6.0828,-49.8965,1000,2
LTE,724,11,39402,88004876,-6.1072,-49.8884,5090,29
LTE,724,11,39402,256796930,-6.1071,-49.8998,1000,14
LTE,724,11,39402,256796941,-6.1198,-49.902,5086,21
LTE,724,11,39403,87472179,-3.7762,-49.6743,1000,4
LTE,724,11,39403,87965699,-3.7783,-49.6796,1000,6
LTE,724,11,39494,256782437,-5.3587,-49.1036,1000,1
LTE,724,11,39801,97794867,-3.7818,-45.463,1000,1
LTE,724,11,39801,97803829,-3.2197,-45.6529,1000,1
LTE,724,11,39815,256860694,-3.6934,-44.5217,1000,1
LTE,724,11,50174,713495,-9.3967,-40.5197,1000,6
LTE,724,11,50175,656395,-12.2967,-38.9016,1000,1
LTE,724,11,50175,691734,-12.3543,-38.8454,1000,1
LTE,724,11,50179,496653,-10.9105,-37.0667,1000,1
LTE,724,11,50182,107546165,-9.5612,-35.7735,1000,1
LTE,724,11,50187,120411671,-9.4014,-40.5034,1000,2
LTE,724,11,50187,120504934,-9.3926,-40.5418,1000,1
LTE,724,11,50187,120505100,-9.3931,-40.5384,1000,8
LTE,724,11,50187,120505446,-9.3923,-40.5259,1000,7
LTE,724,11,50277,723212,-14.8435,-40.8849,1000,1
LTE,724,11,50421,153613875,-22.9895,-43.2721,1000,20
LTE,724,11,50479,75522,-10.2378,-36.8487,6310,27
LTE,724,11,50479,94721,-10.2102,-36.8359,500,31
LTE,724,11,50479,412467,-10.294,-37.0829,2263,4
LTE,724,11,50479,621107,-10.3028,-36.8871,1016,20
LTE,724,11,50479,656917,-10.6525,-37.0339,1000,1
LTE,724,11,50483,110185473,-7.2169,-35.8839,1000,1
LTE,724,11,50483,110185484,-7.2226,-35.8733,1000,1
LTE,724,11,50483,110247701,-7.2229,-35.8737,1000,4
LTE,724,11,50483,110247781,-7.2228,-35.8732,1000,9
LTE,724,11,50521,153608963,-22.9851,-43.1909,1000,17
LTE,724,11,50521,153609237,-22.9785,-43.226,654,50
LTE,724,11,50521,153609267,-22.9773,-43.2212,1000,20
LTE,724,11,50521,153640983,-22.9649,-43.2188,1082,50
LTE,724,11,50521,153644567,-22.9745,-43.2184,1000,16
LTE,724,11,50521,153644596,-22.9716,-43.2174,1000,3
LTE,724,11,50521,153785345,-22.9804,-43.2124,1000,23
LTE,724,11,50521,153808662,-22.9788,-43.2282,1000,13
LTE,724,11,50521,153904899,-22.9674,-43.206,4562,39
LTE,724,11,50575,345868,-10.9676,-38.7861,1000,1
LTE,724,11,50581,105038133,-8.1963,-35.5233,1000,1
LTE,724,11,50621,153632257,-22.9718,-43.192,1671,50
LTE,724,11,50621,153637941,-22.9672,-43.1871,1000,11
LTE,724,11,50786,118006293,-6.2019,-42.1367,1000,1
LTE,724,11,50981,104990979,-8.0613,-34.8812,1000,10
LTE,724,11,50981,104990988,-8.0641,-34.8801,1000,2
LTE,724,11,50981,104991235,-8.069,-34.8766,1000,4
LTE,724,11,50981,104992477,-8.0585,-34.8815,1000,2
LTE,724,11,50981,104993768,-8.0646,-34.8972,1000,2
LTE,724,11,50981,104994259,-8.0684,-34.8967,1000,4
LTE,724,11,50981,104995585,-8.0522,-34.8954,1000,5
LTE,724,11,50981,105001012,-8.0351,-34.9084,1000,9
LTE,724,11,50981,105003011,-8.0359,-34.9038,1000,6
LTE,724,11,50981,105003030,-8.0345,-34.8998,1000,11
LTE,724,11,50981,105004341,-8.048,-34.909,1000,3
LTE,724,11,50981,105005058,-8.0434,-34.8837,1000,3
LTE,724,11,50981,105005109,-8.0398,-34.8933,1000,2
LTE,724,11,50981,105006337,-8.0443,-34.9022,1000,3
LTE,724,11,50981,105021963,-8.031,-34.9085,1000,2
LTE,724,11,50981,105138178,-8.0397,-34.9044,1000,17
LTE,724,11,50981,105138188,-8.0404,-34.9037,1000,1
LTE,724,11,50981,105194764,-8.0454,-34.897,1000,1
LTE,724,11,50981,105194775,-8.0409,-34.9036,1000,5
LTE,724,11,50981,105194805,-8.0421,-34.9036,1000,1
LTE,724,11,50981,106001667,-8.0639,-34.8973,1000,2
LTE,724,11,51021,153651990,-22.9165,-43.2099,895,30
LTE,724,11,51021,153685279,-22.9088,-43.2027,1000,2
LTE,724,11,51021,153708801,-22.8692,-43.1764,1000,11
LTE,724,11,51021,153708803,-22.8716,-43.1498,1000,21
LTE,724,11,51021,153711874,-22.9113,-43.2203,13453,24
LTE,724,11,51021,153809951,-22.9058,-43.1934,1000,11
LTE,724,11,51021,153810092,-22.9063,-43.1949,1000,4
LTE,724,11,51021,153813791,-22.9101,-43.2072,1000,7
LTE,724,11,51021,153844226,-22.9041,-43.2007,7119,50
LTE,724,11,51021,153844257,-22.9094,-43.2046,1000,7
LTE,724,11,51021,156207617,-22.8954,-43.2194,4031,27
LTE,724,11,51021,156340483,-22.9087,-43.1971,500,50
LTE,724,11,51021,156343829,-22.9047,-43.2101,873,25
LTE,724,11,51021,156343839,-22.9037,-43.2102,1000,8
LTE,724,11,51121,153678083,-22.96,-43.2759,1000,6
LTE,724,11,51121,153800215,-22.9219,-43.2098,1000,8
LTE,724,11,51121,156167456,-22.9165,-43.2223,1000,2
LTE,724,11,51291,77105411,-1.55,-48.7483,1000,1
LTE,724,11,51291,77105431,-1.5501,-48.7479,1000,1
LTE,724,11,51321,156440864,-22.9011,-43.2522,1000,1
LTE,724,11,51327,171808278,-20.2588,-40.2914,1000,1
LTE,724,11,51421,153723650,-22.8679,-43.1904,1000,8
LTE,724,11,51521,156452404,-22.8556,-43.4928,1000,7
LTE,724,11,51621,153669643,-22.8985,-43.5543,1000,2
LTE,724,11,51621,153726731,-22.967,-43.6413,1000,12
LTE,724,11,51621,153737740,-22.9808,-43.6093,1858,23
LTE,724,11,51621,153812019,-22.8491,-43.6047,1880,29
LTE,724,11,51621,153812020,-22.8675,-43.5974,1000,13
LTE,724,11,51621,153899523,-22.9261,-43.5748,4302,24
LTE,724,11,51621,154422806,-22.8347,-43.6131,1000,22
LTE,724,11,51621,154481675,-22.8651,-43.5531,1000,1
LTE,724,11,51621,156310787,-22.8357,-43.6402,1000,13
LTE,724,11,51621,156326925,-22.8669,-43.5883,868,30
LTE,724,11,51621,156326963,-22.8656,-43.579,1215,26
LTE,724,11,51681,105137364,-8.1182,-34.9024,1000,1
LTE,724,11,51791,79705602,-1.4625,-48.4847,1000,1
LTE,724,11,51791,79745587,-1.4657,-48.4678,1000,8
LTE,724,11,51791,79745588,-1.4672,-48.4628,1000,7
LTE,724,11,51791,79758849,-1.4579,-48.4953,1000,2
LTE,724,11,51791,79765763,-1.4599,-48.463,1000,1
LTE,724,11,51791,79833858,-1.452,-48.4818,1000,1
LTE,724,11,51791,79844121,-1.4588,-48.4873,1000,1
LTE,724,11,51791,79946517,-1.4543,-48.4942,1000,1
LTE,724,11,51791,79946547,-1.4544,-48.4937,1000,1
LTE,724,11,51824,168974091,-22.5128,-44.0914,1000,1
LTE,724,11,51824,169018637,-22.5209,-44.1159,1000,1
LTE,724,11,52124,169195541,-22.4573,-43.8139,1000,1
LTE,724,11,52521,153733133,-22.758,-43.2896,1000,1
LTE,724,11,52521,156315905,-22.8188,-43.3099,7625,24
LTE,724,11,52592,82239797,-3.0598,-59.9962,1000,7
LTE,724,11,52592,82324277,-3.066,-59.9784,1000,1
LTE,724,11,52592,82356531,-3.0749,-59.9921,1000,1
LTE,724,11,52592,82368267,-3.0329,-59.9922,1000,4
LTE,724,11,52592,82385153,-3.044,-59.973,1000,3
LTE,724,11,52592,82390018,-3.0865,-59.9848,1000,9
LTE,724,11,52592,82399254,-3.0893,-59.9946,1000,4
LTE,724,11,52592,82399285,-3.0879,-59.997,1000,2
LTE,724,11,52592,82424117,-3.1135,-59.9677,1000,1
LTE,724,11,52592,82819083,-3.089,-59.9804,1000,1
LTE,724,11,52592,82831126,-3.1147,-59.975,1000,7
LTE,724,11,52592,82831155,-3.1088,-59.9759,1000,16
LTE,724,11,52592,82831372,-3.1077,-59.9589,1177,10
LTE,724,11,52592,82832407,-3.037,-59.9838,1000,3
LTE,724,11,52824,168986133,-22.1405,-43.2854,1000,1
LTE,724,11,52824,169292555,-22.123,-43.1682,1000,1
LTE,724,11,53085,115328011,-3.7268,-38.4937,1000,19
LTE,724,11,53085,115336203,-3.7251,-38.5033,1000,1
LTE,724,11,53085,115337012,-3.7518,-38.4981,1000,3
LTE,724,11,53085,115343372,-3.8143,-38.5284,500,30
LTE,724,11,53085,115343373,-3.8059,-38.5235,1000,3
LTE,724,11,53085,115343874,-3.8308,-38.4925,1000,9
LTE,724,11,53085,115345373,-3.7774,-38.5135,1000,5
LTE,724,11,53085,115347764,-3.7724,-38.5393,1000,1
LTE,724,11,53085,115361795,-3.8141,-38.5317,1000,3
LTE,724,11,53085,115363841,-3.7561,-38.5042,1000,5
LTE,724,11,53085,115367190,-3.8548,-38.5569,1000,1
LTE,724,11,53085,115390230,-3.8141,-38.5317,1000,4
LTE,724,11,53085,115431180,-3.8115,-38.5137,1000,15
LTE,724,11,53085,115448844,-3.8262,-38.4934,1000,3
LTE,724,11,53085,116259339,-3.831,-38.5052,1000,3
LTE,724,11,53085,116259595,-3.8386,-38.5142,512,49
LTE,724,11,53085,116265741,-3.7358,-38.4849,1000,4
LTE,724,11,53085,116337421,-3.7243,-38.5277,1000,1
LTE,724,11,53085,116338956,-3.8335,-38.5103,1000,9
LTE,724,11,53121,153863191,-22.6459,-43.1943,1000,1
LTE,724,11,53192,82282803,-3.1083,-60.0417,1000,4
LTE,724,11,53192,82305795,-3.116,-60.0232,1000,12
LTE,724,11,53192,82306561,-3.1075,-60.0418,763,25
LTE,724,11,53192,82306611,-3.1081,-60.0423,1000,18
LTE,724,11,53192,82306613,-3.1058,-60.0473,655,37
LTE,724,11,53192,82310157,-3.0927,-60.0242,740,28
LTE,724,11,53192,82318643,-3.1035,-60.0128,1000,13
LTE,724,11,53192,82320948,-3.1147,-60.0478,1000,1
LTE,724,11,53192,82322198,-3.1114,-60.0221,1000,3
LTE,724,11,53192,82322228,-3.1106,-60.0232,1000,23
LTE,724,11,53192,82324531,-3.1253,-60.0373,1000,21
LTE,724,11,53192,82326323,-3.1033,-60.0216,1000,1
LTE,724,11,53192,82326787,-3.0955,-60.0107,1009,8
LTE,724,11,53192,82326836,-3.1016,-60.0099,1000,1
LTE,724,11,53192,82336770,-3.1877,-60.1303,2093,12
LTE,724,11,53192,82336781,-3.1509,-60.0887,5067,18
LTE,724,11,53192,82361857,-3.1118,-60.0394,1000,19
LTE,724,11,53192,82366978,-3.1157,-60.0272,1000,11
LTE,724,11,53192,82381365,-3.1219,-60.0215,1000,10
LTE,724,11,53192,82394380,-3.1047,-60.0234,1000,10
LTE,724,11,53192,82406708,-3.1065,-60.0104,536,25
LTE,724,11,53192,82411797,-3.1715,-60.1037,1000,1
LTE,724,11,53192,82814771,-3.1178,-60.0466,1337,6
LTE,724,11,53192,82829835,-3.1069,-60.0327,1000,11
LTE,724,11,53192,82829845,-3.11,-60.034,1413,16
LTE,724,11,53292,82245900,-2.9897,-60.049,1000,5
LTE,724,11,53292,82249494,-3.0692,-60.0157,1000,16
LTE,724,11,53292,82253589,-3.0647,-60.0,2102,13
LTE,724,11,53292,82253620,-3.071,-60.005,1808,12
LTE,724,11,53292,82278657,-3.0302,-60.018,1000,10
LTE,724,11,53292,82307380,-3.0368,-60.0269,1000,7
LTE,724,11,53292,82312217,-3.0856,-60.0291,1000,1
LTE,724,11,53292,82317569,-3.0857,-60.0034,1000,4
LTE,724,11,53292,82318849,-3.0738,-60.0367,1000,3
LTE,724,11,53292,82323223,-3.0128,-60.0471,1000,20
LTE,724,11,53292,82326579,-3.0776,-60.0092,1000,13
LTE,724,11,53292,82365185,-3.0621,-60.0326,1000,5
LTE,724,11,53292,82381057,-3.0541,-60.0252,1000,12
LTE,724,11,53292,82381108,-3.0596,-60.0257,1000,17
LTE,724,11,53292,82381826,-3.09,-60.0149,1000,11
LTE,724,11,53292,82393396,-3.0716,-60.0353,1000,17
LTE,724,11,53292,82394626,-2.9952,-60.0308,1000,6
LTE,724,11,53292,82406923,-3.0899,-60.0115,1000,24
LTE,724,11,53292,82408981,-2.9981,-60.0321,1000,8
LTE,724,11,53292,82419458,-3.0626,-60.0007,1000,4
LTE,724,11,53292,82419971,-3.0866,-60.0122,1000,6
LTE,724,11,53292,82840667,-3.0713,-60.0222,1000,1
LTE,724,11,53292,82870027,-3.0759,-60.026,1000,23
LTE,724,11,53292,82893077,-3.0571,-60.0251,1312,10
LTE,724,11,53292,82903563,-3.014,-60.0378,1418,14
LTE,724,11,53292,82906636,-2.9938,-60.0282,1000,24
LTE,724,11,53292,82920464,-3.0858,-60.0339,1000,1
LTE,724,11,53292,83352598,-3.0821,-60.0312,1000,3
LTE,724,11,53392,82230837,-2.9647,-60.0133,1092,5
LTE,724,11,53392,82299137,-2.9723,-60.0069,1000,10
LTE,724,11,53392,82303283,-2.9512,-60.0163,1000,1
LTE,724,11,53392,82312470,-2.8932,-59.9666,1424,33
LTE,724,11,53392,82820887,-2.966,-60.0292,4928,3
LTE,724,11,53392,82897972,-3.0048,-59.9778,1000,5
LTE,724,11,53421,153732354,-22.9076,-43.1043,2278,50
LTE,724,11,53421,153765378,-22.8827,-42.9879,5705,28
LTE,724,11,53421,153765379,-22.8789,-42.9911,8957,50
LTE,724,11,53421,156198421,-22.8809,-43.0593,617,27
LTE,724,11,53421,156225027,-22.9236,-43.0945,1000,3
LTE,724,11,53427,171915731,-20.1576,-40.2538,1000,1
LTE,724,11,53492,82236724,-3.0628,-59.8692,1000,1
LTE,724,11,53492,82316053,-3.0508,-59.9451,1000,8
LTE,724,11,53492,82321164,-3.0389,-59.9409,1000,9
LTE,724,11,53492,82321205,-3.0382,-59.9412,1000,13
LTE,724,11,53492,82364723,-3.0306,-59.9543,1000,1
LTE,724,11,53492,82365964,-3.0761,-59.9596,1000,2
LTE,724,11,53492,82384908,-3.0583,-59.9484,1000,2
LTE,724,11,53492,82384948,-3.0592,-59.9488,1000,1
LTE,724,11,53527,171440149,-20.1893,-40.24,1000,1
LTE,724,11,53527,171528471,-20.2067,-40.2693,1000,1
LTE,724,11,53527,171804685,-20.2034,-40.2706,1000,1
LTE,724,11,53527,171810395,-20.2085,-40.3166,1000,1
LTE,724,11,53527,171810571,-20.2356,-40.2764,1000,1
LTE,724,11,53527,171941397,-20.1706,-40.2748,1000,1
LTE,724,11,53527,171970071,-20.1935,-40.2343,1000,1
LTE,724,11,53592,82267917,-2.058,-60.0208,3663,23
LTE,724,11,53592,82330883,-2.0496,-60.0232,1000,12
LTE,724,11,53692,82205442,-3.0836,-59.9183,1000,5
LTE,724,11,53692,82205452,-3.0814,-59.9154,1000,5
LTE,724,11,53692,82234133,-3.0564,-59.9042,1000,2
LTE,724,11,53692,82272001,-3.0565,-59.9043,1000,1
LTE,724,11,53692,82284853,-3.0962,-59.9477,1000,3
LTE,724,11,53692,82305542,-3.0744,-59.9564,1000,11
LTE,724,11,53692,82361651,-3.0842,-59.9522,1000,3
LTE,724,11,53692,82364211,-3.0988,-59.9488,1000,14
LTE,724,11,53692,82384179,-3.0964,-59.9371,1000,14
LTE,724,11,53692,82406196,-3.0784,-59.9129,1000,3
LTE,724,11,53692,82415361,-3.0637,-59.8538,1000,12
LTE,724,11,53692,82807861,-3.061,-59.9496,1000,5
LTE,724,11,53692,82826265,-3.0949,-59.8941,1000,1
LTE,724,11,53721,153762051,-22.8934,-43.1133,1000,10
LTE,724,11,53721,153799682,-22.8741,-43.1245,1000,20
LTE,724,11,53792,82298380,-3.1264,-60.0208,1000,2
LTE,724,11,53792,82307841,-3.1289,-59.9974,1000,1
LTE,724,11,53792,82307891,-3.1259,-60.0027,1000,14
LTE,724,11,53792,82313997,-3.1322,-60.0206,1000,1
LTE,724,11,53792,82314035,-3.1387,-60.0208,1000,7
LTE,724,11,53792,82328065,-3.1286,-60.0256,1000,16
LTE,724,11,53792,82328077,-3.1276,-60.03,1000,10
LTE,724,11,53792,82382595,-3.1346,-60.0104,1000,8
LTE,724,11,53792,82389761,-3.1292,-60.0198,1000,15
LTE,724,11,53792,82389773,-3.1298,-60.0223,1000,3
LTE,724,11,53792,82391053,-3.1346,-60.0208,1000,1
LTE,724,11,53792,82391092,-3.1368,-60.0212,1000,2
LTE,724,11,53792,82429197,-3.1282,-60.0214,1000,3
LTE,724,11,53792,82429492,-3.1272,-60.0068,1000,5
LTE,724,11,53822,166722051,-22.7654,-42.0767,2194,36
LTE,724,11,53892,82206210,-3.0493,-60.0766,1000,6
LTE,724,11,53892,82206220,-3.0506,-60.0773,1000,2
LTE,724,11,53892,82295297,-3.1066,-60.0632,1000,10
LTE,724,11,53892,82295347,-3.1047,-60.0634,1000,2
LTE,724,11,53892,82301492,-3.1026,-60.0893,1000,2
LTE,724,11,53892,82302516,-3.0826,-60.0988,1535,9
LTE,724,11,53892,82304258,-3.0901,-60.0398,1000,21
LTE,724,11,53892,82309377,-3.1258,-60.0623,1000,1
LTE,724,11,53892,82309378,-3.086,-60.0645,1000,13
LTE,724,11,53892,82315009,-3.0518,-60.0788,1000,14
LTE,724,11,53892,82315021,-3.0559,-60.0822,1000,4
LTE,724,11,53892,82321971,-3.0787,-60.0513,1000,17
LTE,724,11,53892,82321973,-3.0805,-60.0535,1000,3
LTE,724,11,53892,82322965,-3.1013,-60.063,1422,9
LTE,724,11,53892,82355478,-3.0907,-60.0556,1000,11
LTE,724,11,53892,82357763,-3.1067,-60.0529,1000,8
LTE,724,11,53892,82357811,-3.1019,-60.0506,1000,14
LTE,724,11,53892,82357813,-3.1066,-60.0527,1000,13
LTE,724,11,53892,82367235,-3.0965,-60.0575,650,32
LTE,724,11,53892,82367244,-3.102,-60.0565,1000,11
LTE,724,11,53892,82367284,-3.1027,-60.0562,1000,16
LTE,724,11,53892,82383638,-3.0915,-60.0539,1000,1
LTE,724,11,53892,82383639,-3.0769,-60.079,1000,1
LTE,724,11,53892,82386188,-3.1124,-60.0534,572,31
LTE,724,11,53892,82394164,-3.1061,-60.0573,1000,6
LTE,724,11,53892,82398989,-3.077,-60.0984,2139,23
LTE,724,11,53892,82398997,-3.0769,-60.0789,1000,1
LTE,724,11,53892,82410252,-3.068,-60.1025,1000,14
LTE,724,11,53892,82430209,-3.0939,-60.0525,1000,18
LTE,724,11,53892,82431765,-3.1013,-60.0587,1000,3
LTE,724,11,53892,82488834,-3.1042,-60.0653,1000,6
LTE,724,11,53892,82825228,-3.0664,-60.106,1000,6
LTE,724,11,53922,166416129,-22.8646,-42.4627,1000,24
LTE,724,11,53922,166726913,-22.8763,-42.5919,11997,50
LTE,724,11,54222,166717452,-21.7735,-41.3615,1000,1
LTE,724,11,54594,87959377,-6.453,-50.0771,1000,1
LTE,724,11,54621,156210445,-22.7383,-42.7424,1000,1
LTE,724,11,54621,156345367,-22.7176,-42.6404,1000,1
LTE,724,11,54924,169190678,-22.6596,-43.8883,1000,1
LTE,724,11,54924,169190913,-22.588,-44.0976,1000,1
LTE,724,11,55224,169205556,-22.4434,-44.5247,1000,6
LTE,724,11,55721,153696021,-22.8799,-43.2394,1156,25
LTE,724,11,55721,153716739,-22.8135,-43.2925,1224,33
LTE,724,11,55721,153716767,-22.8095,-43.2867,1000,1
LTE,724,11,55721,153924098,-22.8716,-43.2569,1000,12
LTE,724,11,55721,154443523,-22.8621,-43.248,1000,8
LTE,724,11,55821,156166412,-22.6614,-43.6224,1000,1
LTE,724,11,56021,153604405,-22.9995,-43.3644,1127,5
LTE,724,11,56021,153627699,-23.0001,-43.3418,1000,16
LTE,724,11,56021,153632770,-23.0094,-43.3373,1000,14
LTE,724,11,56021,153633026,-23.0055,-43.3173,3720,27
LTE,724,11,56021,153637399,-22.9992,-43.3643,3889,32
LTE,724,11,56021,153733653,-23.0067,-43.3083,1344,10
LTE,724,11,56021,153856002,-23.0109,-43.3657,1000,4
LTE,724,11,56021,153904642,-23.007,-43.3308,2058,17
LTE,724,11,56221,153607681,-23.0083,-43.4375,2619,37
LTE,724,11,56221,153607682,-23.0164,-43.4506,3717,43
LTE,724,11,56221,153607683,-23.009,-43.4457,4850,47
LTE,724,11,56221,153614084,-23.0302,-43.4761,1000,5
LTE,724,11,56221,153649922,-23.0215,-43.4436,1000,7
LTE,724,11,56221,153750580,-23.0002,-43.3808,1000,5
LTE,724,11,56221,153880855,-22.9999,-43.4023,981,26
LTE,724,11,56221,153902101,-23.0001,-43.4074,3395,49
LTE,724,11,56221,153902133,-23.0,-43.4134,1000,7
LTE,724,11,56221,156222259,-23.0169,-43.4762,1000,18
LTE,724,11,56221,156347394,-23.0157,-43.5193,1522,17
LTE,724,11,57122,166532620,-22.7745,-41.9266,1000,13
LTE,724,11,57122,166554903,-22.7201,-41.999,1790,29
LTE,724,11,57122,166707669,-22.7594,-41.8884,1000,14
LTE,724,11,57128,171789078,-20.8519,-41.1105,1000,1
LTE,724,11,57321,153727233,-22.9127,-43.1844,1000,4
LTE,724,11,57328,171885068,-21.0133,-41.1465,1000,1
LTE,724,11,57521,153634819,-22.9416,-43.1716,500,25
LTE,724,11,57521,153663235,-22.955,-43.1976,649,28
LTE,724,11,58021,153644832,-22.961,-43.3549,1000,3
LTE,724,11,58021,153644853,-22.9585,-43.353,1000,2
LTE,724,11,58021,153649204,-22.9616,-43.3554,1000,4
LTE,724,11,58121,153823767,-22.8647,-43.4284,1012,37
LTE,724,11,58221,153752843,-22.833,-43.3565,1000,4
LTE,724,11,58221,153766657,-22.838,-43.366,1000,7
LTE,724,11,58227,171883799,-20.4717,-40.4664,1000,1
LTE,724,11,59298,97797171,-3.2276,-44.3633,1000,1
LTE,724,11,59527,171968257,-19.4117,-40.5418,747,34
LTE,724,11,59627,171758901,-19.4263,-39.7961,1534,50
LTE,724,11,59627,171832587,-19.3474,-39.895,1000,4
LTE,724,11,59627,171832597,-19.3544,-39.9057,6241,25
LTE,724,11,59627,171856139,-19.397,-40.0638,1000,5
LTE,724,11,59627,171882262,-19.4203,-40.0739,1000,1
LTE,724,11,59627,171899659,-19.3687,-40.0571,1000,21
LTE,724,11,59627,171965964,-19.383,-40.0666,1000,17
LTE,724,11,59684,112705293,-5.7602,-36.0053,1000,1
LTE,724,11,60128,171909939,-20.8824,-40.9753,1000,1
LTE,724,11,60228,171910195,-21.1247,-41.2747,1000,1
LTE,724,11,60228,171910196,-21.1546,-41.2769,1000,1
LTE,724,11,60628,171906060,-20.9705,-41.1086,1000,1
LTE,724,11,60628,171907863,-21.0697,-41.2383,1000,1
LTE,724,11,60677,100887,-14.6707,-40.4859,1000,1
LTE,724,11,60921,153828365,-22.7114,-43.7315,1000,1
LTE,724,11,61074,525364,-9.7302,-40.3579,1000,1
LTE,724,11,61479,580915,-10.3027,-36.8866,4308,21
LTE,724,11,61694,87498253,-6.1334,-49.8607,1000,2
LTE,724,11,62377,82187,-12.2346,-44.4156,1000,1
LTE,724,11,62479,368692,-10.3757,-36.9138,8225,50
LTE,724,11,62979,566591,-10.257,-36.8621,1000,2
LTE,724,11,64594,87615028,-6.4342,-50.0209,2065,10
LTE,724,11,65022,166721558,-22.1428,-41.7309,1000,1
UMTS,724,11,29904,153745715,-22.8679,-43.1933,1000,1
UMTS,724,11,30992,25746804,-2.7964,-57.8326,1000,1
UMTS,724,11,40127,8369663,-20.3206,-40.3626,3547,9
UMTS,724,11,40127,34547165,-20.3342,-40.3859,1000,4
UMTS,724,11,40127,34563515,-20.326,-40.3915,4469,24
UMTS,724,11,40427,34558225,-20.3612,-40.4293,1982,50
UMTS,724,11,40427,34558715,-20.3354,-40.3724,1000,4
UMTS,724,11,40427,34558745,-20.3517,-40.4147,1665,16
UMTS,724,11,40427,34561673,-20.4113,-40.4582,1459,48
UMTS,724,11,40482,18511304,-9.6593,-36.0207,1000,1
UMTS,724,11,40689,12227707,-7.1418,-40.9355,1000,1
UMTS,724,11,41027,1789543,-20.3114,-40.3065,1060,50
UMTS,724,11,41027,1789573,-20.3093,-40.3191,4988,50
UMTS,724,11,41027,1789575,-20.303,-40.3138,8890,50
UMTS,724,11,41027,1790763,-20.2884,-40.289,19815,50
UMTS,724,11,41027,1790765,-20.3051,-40.2967,4941,50
UMTS,724,11,41027,1810413,-20.3116,-40.3106,1122,50
UMTS,724,11,41884,5536651,-5.8465,-35.3481,1000,4
UMTS,724,11,44494,25874345,-6.0838,-49.9074,1000,1
UMTS,724,11,44594,32209462,-6.4475,-50.0709,1000,1
UMTS,724,11,45127,8350213,-20.2813,-40.3344,1153,26
UMTS,724,11,45127,8370213,-20.2814,-40.3351,3125,28
UMTS,724,11,45721,21072649,-22.6702,-43.2383,7543,27
UMTS,724,11,47028,21452294,-20.7323,-40.7458,12729,28
UMTS,724,11,47028,21455394,-20.5999,-40.503,1000,1
UMTS,724,11,47028,21455503,-20.5999,-40.503,1000,1
UMTS,724,11,47028,21456945,-20.7696,-40.7743,3133,21
UMTS,724,11,47128,21439185,-20.8554,-41.1146,1000,20
UMTS,724,11,47128,21455245,-20.8718,-40.9478,2576,31
UMTS,724,11,47128,21479423,-20.8829,-41.0967,1000,18
UMTS,724,11,47224,14518779,-22.5041,-43.2194,5519,30
UMTS,724,11,48227,21454505,-20.5999,-40.503,1000,1
UMTS,724,11,48227,21455905,-20.6217,-40.5214,3100,50
UMTS,724,11,50521,153655061,-22.9875,-43.1932,1000,1
UMTS,724,11,51085,116240407,-3.6223,-38.7118,1000,17
UMTS,724,11,53085,115217941,-3.7101,-38.4899,816,51
UMTS,724,11,53085,115281429,-3.7049,-38.4938,1264,36
UMTS,724,11,62928,115431446,-3.7248,-38.5066,1000,2
GSM,724,23,22034,45852,-19.0288,-48.2001,6771,36
GSM,724,23,22234,46344,-19.8606,-47.8581,10697,5
LTE,724,23,33421,256738818,-18.5191,-49.4975,1000,1
LTE,724,23,33553,56337167,-21.7174,-45.3777,1000,6
LTE,724,23,33553,56362765,-21.3595,-45.1904,1000,6
LTE,724,23,33571,256757251,-21.584,-45.4742,1000,1
LTE,724,23,33571,256760323,-21.5597,-45.4535,1000,1
LTE,724,23,33797,58380801,-20.5054,-44.6136,2137,17
LTE,724,23,49832,81936906,-21.2992,-43.6279,1000,3
LTE,724,23,50338,72608564,-16.6097,-43.6604,1000,1
LTE,724,23,51137,69361431,-19.2237,-45.0155,1000,1
LTE,724,23,52034,62604567,-18.8699,-49.0704,1000,1
LTE,724,23,52132,57450241,-21.8753,-42.6774,1000,1
LTE,724,23,52935,65499700,-22.6219,-46.0772,1000,1
LTE,724,23,53134,61695756,-18.9054,-48.3192,1000,1
LTE,724,23,53134,62288397,-18.9091,-48.1902,1000,1
LTE,724,23,53134,62462477,-18.9955,-48.2108,4190,17
LTE,724,23,53134,62549506,-18.9401,-48.2198,741,31
LTE,724,23,53134,62653442,-18.9219,-48.2334,1000,14
LTE,724,23,53134,62654477,-18.9506,-48.2652,1000,14
LTE,724,23,53134,62654722,-18.9187,-48.25,691,29
LTE,724,23,53134,62654723,-18.9153,-48.2574,803,50
LTE,724,23,53134,62692403,-18.9552,-48.2169,1084,5
LTE,724,23,53134,62711860,-18.9015,-48.2482,1000,8
LTE,724,23,53134,62715394,-18.8863,-48.2476,1313,32
LTE,724,23,53134,62715395,-18.884,-48.256,500,50
LTE,724,23,53134,62748428,-18.9739,-48.3491,1000,1
LTE,724,23,53334,62691637,-19.9702,-47.7956,3938,27
LTE,724,23,53334,62705931,-19.9066,-47.8354,1000,17
LTE,724,23,53334,62706947,-19.7766,-47.9671,3227,34
LTE,724,23,54032,57013812,-21.3065,-43.6091,1308,38
LTE,724,23,54034,62997783,-18.6968,-48.1839,1000,1
LTE,724,23,54234,62604556,-18.8745,-49.0599,1000,1
LTE,724,23,54435,65519116,-21.5064,-45.4857,1000,1
LTE,724,23,55631,55303958,-19.9357,-43.9492,1000,7
LTE,724,23,55631,55305987,-19.9388,-43.9308,885,50
LTE,724,23,55732,56990731,-21.5296,-42.6534,1000,1
LTE,724,23,55832,57022476,-21.8657,-43.9265,1000,1
LTE,724,23,55931,52761109,-19.9525,-43.9495,500,26
LTE,724,23,55931,54262835,-19.9462,-43.953,1000,5
LTE,724,23,55931,55302411,-19.9748,-43.9438,1000,6
LTE,724,23,55931,55302424,-19.9723,-43.9455,1000,12
LTE,724,23,55931,55317271,-19.9713,-43.9514,1000,6
LTE,724,23,55931,55320577,-19.949,-43.9361,4998,21
LTE,724,23,55931,55322369,-19.9615,-43.9504,3695,30
LTE,724,23,55937,69213441,-20.6928,-44.7345,1000,1
LTE,724,23,56032,57069650,-21.658,-42.344,1000,1
LTE,724,23,56531,54811925,-19.9711,-44.1403,1000,1
LTE,724,23,56531,55367939,-19.9541,-44.1612,3285,50
LTE,724,23,56538,72658710,-15.9813,-41.8299,1000,1
LTE,724,23,57038,72582451,-15.8547,-43.0624,1000,1
LTE,724,23,57335,65287180,-21.4059,-45.2128,1000,1
LTE,724,23,57338,72266518,-16.6846,-43.8628,1000,1
LTE,724,23,57338,72606230,-16.7056,-43.8675,1000,1
LTE,724,23,57338,72620045,-16.8133,-43.8483,1000,1
LTE,724,23,57338,72745740,-16.7446,-43.8464,1000,1
LTE,724,23,57434,62627125,-19.3168,-48.1065,1865,51
LTE,724,23,57434,62627341,-19.851,-47.8731,4093,32
LTE,724,23,57435,65356556,-22.8647,-46.3428,1000,1
LTE,724,23,57435,65356557,-22.8629,-46.3309,1000,1
LTE,724,23,57435,65506327,-21.8999,-45.6126,1000,1
LTE,724,23,58231,53879575,-19.9668,-44.0199,1000,1
LTE,724,23,58432,57724171,-21.9353,-44.194,1000,1
LTE,724,23,60638,72620339,-17.1062,-43.8252,1000,1
LTE,724,23,60838,72687883,-17.8096,-44.1649,1000,1
LTE,724,23,62231,54205963,-19.381,-44.3332,1000,1
LTE,724,23,63231,53800460,-20.2073,-44.4105,1000,1
LTE,724,23,63531,53871361,-19.9836,-43.9471,1000,12
LTE,724,23,63531,54824285,-20.16,-43.9592,1000,1
LTE,724,23,65035,65520150,-21.663,-45.3093,1000,1
UMTS,724,23,5631,34806347,-19.9369,-43.9451,1000,1
UMTS,724,23,5931,34802759,-19.9482,-43.9369,1000,8
UMTS,724,23,6731,34801631,-19.8697,-43.939,1000,1
UMTS,724,23,6731,34843202,-19.8599,-43.9342,1000,1
UMTS,724,23,23134,8831667,-18.9255,-48.2601,647,27
UMTS,724,23,23334,8831275,-19.9103,-47.833,843,50
UMTS,724,23,27235,8900353,-22.8646,-46.3372,1000,1
UMTS,724,23,29335,8906782,-21.7911,-46.5654,1000,1
UMTS,724,23,29335,8907016,-21.7993,-46.5129,1000,1
UMTS,724,23,32935,15458752,-22.2944,-45.8956,1000,1
UMTS,724,23,57335,65502742,-22.4244,-44.8586,1000,9
UMTS,724,23,63835,65428503,-22.4483,-44.911,6229,51
LTE,724,29,47006,120336712,-26.9483,-49.0681,1000,1
GSM,724,34,11334,60163,-20.218,-47.5152,1000,3
UMTS,724,34,15734,741678,-20.2177,-47.5152,1000,1
LTE,724,35,18555,2950748,-23.8917,-46.2413,1000,4
LTE,724,35,19165,2983906,-22.6569,-46.0888,1000,2
LTE,724,42,30002,87046688,-6.1483,-49.8749,2558,23
LTE,724,77,60004,226412555,-3.8559,-38.4902,1000,2
LTE,724,99,31121,258056706,-23.106,-46.5207,1000,13
LTE,724,99,31121,258088963,-23.1122,-46.5578,3437,16
LTE,724,99,31601,258336267,-21.978,-47.8803,1000,2
LTE,724,99,31605,258313997,-21.8027,-48.2004,1000,4
LTE,724,99,31605,258316391,-21.8065,-48.1952,1000,7
LTE,724,99,31605,258351127,-21.7873,-48.2203,1000,16
LTE,724,99,31717,258341142,-20.8241,-49.4123,1000,2
LTE,724,99,31717,258345239,-20.8814,-49.4235,1509,15
LTE,724,99,31717,258345269,-20.8866,-49.4276,1000,4
LTE,724,99,31802,258353942,-21.2121,-50.4382,1000,2
LTE,724,99,31802,258354689,-21.215,-50.4455,556,32
LTE,724,99,31802,258354699,-21.2166,-50.4507,1000,1
LTE,724,99,31802,258355251,-21.1798,-50.442,1000,12
LTE,724,99,31802,258355477,-21.2205,-50.4545,1000,15
LTE,724,99,31802,258355478,-21.2296,-50.4479,1000,6
LTE,724,99,31802,258355733,-21.1903,-50.4407,1000,5
LTE,724,99,31802,258356226,-21.1579,-50.4506,2213,20
LTE,724,99,31802,258356247,-21.1718,-50.4656,2737,12
LTE,724,99,31802,258384652,-21.3533,-50.1004,1468,8
LTE,724,99,31899,259046415,-21.2603,-49.9518,4023,24
LTE,724,99,31933,258320652,-22.63,-47.3364,1000,1
LTE,724,99,31933,258326550,-22.7164,-47.6064,1000,5
LTE,724,99,31933,258328843,-22.7282,-47.6043,1254,21
LTE,724,99,33759,259405825,-20.1378,-44.8741,1000,11
LTE,724,99,35454,257836901,-29.1028,-51.1872,1000,13
LTE,724,99,35532,257901109,-29.2336,-53.6777,1000,2
LTE,724,99,36744,256282931,-22.2217,-54.79,1000,5
LTE,724,99,36744,256328037,-22.2225,-54.7934,1000,14
LTE,724,99,38701,260801041,-8.0718,-39.1242,1000,1
LTE,724,99,38787,260788239,-9.3974,-40.5568,1000,1
LTE,724,99,39402,256791821,-6.1137,-49.8649,1000,3
LTE,724,99,39402,256791861,-6.1438,-49.8594,1000,11
LTE,724,99,39402,256793101,-6.0818,-49.9073,1000,7
LTE,724,99,39402,256793602,-6.0856,-49.8962,1000,19
LTE,724,99,39402,256793959,-6.0999,-49.891,6455,27
LTE,724,99,39402,256794627,-6.073,-49.908,2525,27
LTE,724,99,39402,256794901,-6.0707,-49.8668,1000,9
LTE,724,99,39402,256795956,-6.148,-49.8801,1000,1
LTE,724,99,39402,256796161,-6.1477,-49.8687,1000,8
